GSWBRK20201222,GSW,BRK,20201222,99,125
LACLAL20201222,LAC,LAL,20201222,116,109
CHOCLE20201223,CHO,CLE,20201223,114,121
NYKIND20201223,NYK,IND,20201223,107,121
MIAORL20201223,MIA,ORL,20201223,107,113
WASPHI20201223,WAS,PHI,20201223,107,113
NOPTOR20201223,NOP,TOR,20201223,113,99
MILBOS20201223,MIL,BOS,20201223,121,122
ATLCHI20201223,ATL,CHI,20201223,124,104
SASMEM20201223,SAS,MEM,20201223,131,119
DETMIN20201223,DET,MIN,20201223,101,111
SACDEN20201223,SAC,DEN,20201223,124,122
UTAPOR20201223,UTA,POR,20201223,120,100
DALPHO20201223,DAL,PHO,20201223,102,106
NOPMIA20201225,NOP,MIA,20201225,98,111
GSWMIL20201225,GSW,MIL,20201225,99,138
BRKBOS20201225,BRK,BOS,20201225,123,95
DALLAL20201225,DAL,LAL,20201225,115,138
LACDEN20201225,LAC,DEN,20201225,121,108
ATLMEM20201226,ATL,MEM,20201226,122,112
OKCCHO20201226,OKC,CHO,20201226,109,107
CLEDET20201226,CLE,DET,20201226,128,119
ORLWAS20201226,ORL,WAS,20201226,130,120
PHINYK20201226,PHI,NYK,20201226,109,89
INDCHI20201226,IND,CHI,20201226,125,106
TORSAS20201226,TOR,SAS,20201226,114,119
MINUTA20201226,MIN,UTA,20201226,116,111
HOUPOR20201226,HOU,POR,20201226,126,128
PHOSAC20201226,PHO,SAC,20201226,103,106
DALLAC20201227,DAL,LAC,20201227,124,73
SASNOP20201227,SAS,NOP,20201227,95,98
ORLWAS20201227,ORL,WAS,20201227,120,113
BRKCHO20201227,BRK,CHO,20201227,104,106
PHICLE20201227,PHI,CLE,20201227,94,118
MILNYK20201227,MIL,NYK,20201227,110,130
BOSIND20201227,BOS,IND,20201227,107,108
GSWCHI20201227,GSW,CHI,20201227,129,128
PHOSAC20201227,PHO,SAC,20201227,116,100
MINLAL20201227,MIN,LAL,20201227,91,127
MEMBRK20201228,MEM,BRK,20201228,116,111
DETATL20201228,DET,ATL,20201228,120,128
UTAOKC20201228,UTA,OKC,20201228,110,109
HOUDEN20201228,HOU,DEN,20201228,111,124
PORLAL20201228,POR,LAL,20201228,115,107
NYKCLE20201229,NYK,CLE,20201229,95,86
GSWDET20201229,GSW,DET,20201229,116,106
BOSIND20201229,BOS,IND,20201229,116,111
CHIWAS20201229,CHI,WAS,20201229,115,107
TORPHI20201229,TOR,PHI,20201229,93,100
MILMIA20201229,MIL,MIA,20201229,144,97
ORLOKC20201229,ORL,OKC,20201229,118,107
NOPPHO20201229,NOP,PHO,20201229,86,111
DENSAC20201229,DEN,SAC,20201229,115,125
MINLAC20201229,MIN,LAC,20201229,101,124
MILMIA20201230,MIL,MIA,20201230,108,119
ATLBRK20201230,ATL,BRK,20201230,141,145
MEMBOS20201230,MEM,BOS,20201230,107,126
CHODAL20201230,CHO,DAL,20201230,118,99
LALSAS20201230,LAL,SAS,20201230,121,107
PORLAC20201230,POR,LAC,20201230,105,128
CLEIND20201231,CLE,IND,20201231,99,119
CHIWAS20201231,CHI,WAS,20201231,133,130
PHIORL20201231,PHI,ORL,20201231,116,92
SACHOU20201231,SAC,HOU,20201231,119,122
NYKTOR20201231,NYK,TOR,20201231,83,100
NOPOKC20201231,NOP,OKC,20201231,113,80
PHOUTA20201231,PHO,UTA,20201231,106,95
MEMCHO20210101,MEM,CHO,20210101,108,93
MIADAL20210101,MIA,DAL,20210101,83,93
BOSDET20210101,BOS,DET,20210101,93,96
ATLBRK20210101,ATL,BRK,20210101,114,96
CHIMIL20210101,CHI,MIL,20210101,96,126
WASMIN20210101,WAS,MIN,20210101,130,109
LALSAS20210101,LAL,SAS,20210101,109,103
PHODEN20210101,PHO,DEN,20210101,106,103
LACUTA20210101,LAC,UTA,20210101,100,106
PORGSW20210101,POR,GSW,20210101,123,98
SACHOU20210102,SAC,HOU,20210102,94,102
NYKIND20210102,NYK,IND,20210102,106,102
OKCORL20210102,OKC,ORL,20210102,108,99
CHOPHI20210102,CHO,PHI,20210102,112,127
CLEATL20210102,CLE,ATL,20210102,96,91
TORNOP20210102,TOR,NOP,20210102,116,120
BOSDET20210103,BOS,DET,20210103,122,120
WASBRK20210103,WAS,BRK,20210103,123,122
LALMEM20210103,LAL,MEM,20210103,108,94
DENMIN20210103,DEN,MIN,20210103,124,109
UTASAS20210103,UTA,SAS,20210103,130,109
DALCHI20210103,DAL,CHI,20210103,108,118
LACPHO20210103,LAC,PHO,20210103,112,107
PORGSW20210103,POR,GSW,20210103,122,137
CLEORL20210104,CLE,ORL,20210104,83,103
CHOPHI20210104,CHO,PHI,20210104,101,118
NYKATL20210104,NYK,ATL,20210104,113,108
OKCMIA20210104,OKC,MIA,20210104,90,118
BOSTOR20210104,BOS,TOR,20210104,126,114
DALHOU20210104,DAL,HOU,20210104,113,100
DETMIL20210104,DET,MIL,20210104,115,125
INDNOP20210104,IND,NOP,20210104,118,116
SACGSW20210104,SAC,GSW,20210104,106,137
UTABRK20210105,UTA,BRK,20210105,96,130
LALMEM20210105,LAL,MEM,20210105,94,92
MINDEN20210105,MIN,DEN,20210105,116,123
SASLAC20210105,SAS,LAC,20210105,116,113
CHIPOR20210105,CHI,POR,20210105,111,108
HOUIND20210106,HOU,IND,20210106,107,114
CLEORL20210106,CLE,ORL,20210106,94,105
WASPHI20210106,WAS,PHI,20210106,136,141
CHOATL20210106,CHO,ATL,20210106,102,94
BOSMIA20210106,BOS,MIA,20210106,107,105
UTANYK20210106,UTA,NYK,20210106,100,112
DETMIL20210106,DET,MIL,20210106,115,130
OKCNOP20210106,OKC,NOP,20210106,111,110
TORPHO20210106,TOR,PHO,20210106,115,123
LACGSW20210106,LAC,GSW,20210106,108,101
CHISAC20210106,CHI,SAC,20210106,124,128
PHIBRK20210107,PHI,BRK,20210107,109,122
CLEMEM20210107,CLE,MEM,20210107,94,90
DALDEN20210107,DAL,DEN,20210107,124,117
SASLAL20210107,SAS,LAL,20210107,118,109
MINPOR20210107,MIN,POR,20210107,117,135
PHODET20210108,PHO,DET,20210108,105,110
WASBOS20210108,WAS,BOS,20210108,107,116
CHONOP20210108,CHO,NOP,20210108,118,110
OKCNYK20210108,OKC,NYK,20210108,101,89
ORLHOU20210108,ORL,HOU,20210108,90,132
BRKMEM20210108,BRK,MEM,20210108,110,115
UTAMIL20210108,UTA,MIL,20210108,131,118
LACGSW20210108,LAC,GSW,20210108,105,115
CHILAL20210108,CHI,LAL,20210108,115,117
TORSAC20210108,TOR,SAC,20210108,144,123
DENPHI20210109,DEN,PHI,20210109,115,103
ATLCHO20210109,ATL,CHO,20210109,105,113
PHOIND20210109,PHO,IND,20210109,125,117
MIAWAS20210109,MIA,WAS,20210109,128,124
CLEMIL20210109,CLE,MIL,20210109,90,100
SASMIN20210109,SAS,MIN,20210109,125,122
ORLDAL20210109,ORL,DAL,20210109,98,112
PORSAC20210109,POR,SAC,20210109,125,99
UTADET20210110,UTA,DET,20210110,96,86
CHILAC20210110,CHI,LAC,20210110,127,130
OKCBRK20210110,OKC,BRK,20210110,129,116
DENNYK20210110,DEN,NYK,20210110,114,89
LALHOU20210110,LAL,HOU,20210110,120,102
SASMIN20210110,SAS,MIN,20210110,88,96
TORGSW20210110,TOR,GSW,20210110,105,106
NYKCHO20210111,NYK,CHO,20210111,88,109
MEMCLE20210111,MEM,CLE,20210111,101,91
MILORL20210111,MIL,ORL,20210111,121,99
PHOWAS20210111,PHO,WAS,20210111,107,128
PHIATL20210111,PHI,ATL,20210111,94,112
TORPOR20210111,TOR,POR,20210111,111,112
INDSAC20210111,IND,SAC,20210111,122,127
MIAPHI20210112,MIA,PHI,20210112,134,137
DENBRK20210112,DEN,BRK,20210112,116,122
UTACLE20210112,UTA,CLE,20210112,117,87
LALHOU20210112,LAL,HOU,20210112,117,100
SASOKC20210112,SAS,OKC,20210112,112,102
INDGSW20210112,IND,GSW,20210112,104,95
DALCHO20210113,DAL,CHO,20210113,104,93
MILDET20210113,MIL,DET,20210113,110,101
BRKNYK20210113,BRK,NYK,20210113,116,109
MEMMIN20210113,MEM,MIN,20210113,118,107
LALOKC20210113,LAL,OKC,20210113,128,99
NOPLAC20210113,NOP,LAC,20210113,106,111
PORSAC20210113,POR,SAC,20210113,132,126
MIAPHI20210114,MIA,PHI,20210114,108,125
HOUSAS20210114,HOU,SAS,20210114,109,105
CHOTOR20210114,CHO,TOR,20210114,108,111
GSWDEN20210114,GSW,DEN,20210114,104,114
INDPOR20210114,IND,POR,20210114,111,87
ORLBOS20210115,ORL,BOS,20210115,97,124
NYKCLE20210115,NYK,CLE,20210115,103,106
DALMIL20210115,DAL,MIL,20210115,109,112
CHIOKC20210115,CHI,OKC,20210115,125,127
ATLUTA20210115,ATL,UTA,20210115,92,116
NOPLAL20210115,NOP,LAL,20210115,95,112
LACSAC20210115,LAC,SAC,20210115,138,100
HOUSAS20210116,HOU,SAS,20210116,91,103
ORLBRK20210116,ORL,BRK,20210116,115,122
CHOTOR20210116,CHO,TOR,20210116,113,116
PHIMEM20210116,PHI,MEM,20210116,104,106
DETMIA20210116,DET,MIA,20210116,120,100
ATLPOR20210116,ATL,POR,20210116,106,112
NYKBOS20210117,NYK,BOS,20210117,105,75
CHIDAL20210117,CHI,DAL,20210117,117,101
UTADEN20210117,UTA,DEN,20210117,109,105
NOPSAC20210117,NOP,SAC,20210117,128,123
INDLAC20210117,IND,LAC,20210117,96,129
ORLNYK20210118,ORL,NYK,20210118,84,91
MINATL20210118,MIN,ATL,20210118,97,108
SASPOR20210118,SAS,POR,20210118,125,104
PHOMEM20210118,PHO,MEM,20210118,104,108
MILBRK20210118,MIL,BRK,20210118,123,125
DALTOR20210118,DAL,TOR,20210118,93,116
HOUCHI20210118,HOU,CHI,20210118,120,125
DETMIA20210118,DET,MIA,20210118,107,113
GSWLAL20210118,GSW,LAL,20210118,115,113
OKCDEN20210119,OKC,DEN,20210119,101,119
NOPUTA20210119,NOP,UTA,20210119,102,118
BRKCLE20210120,BRK,CLE,20210120,135,147
DALIND20210120,DAL,IND,20210120,124,112
BOSPHI20210120,BOS,PHI,20210120,109,117
DETATL20210120,DET,ATL,20210120,115,123
MIATOR20210120,MIA,TOR,20210120,111,102
ORLMIN20210120,ORL,MIN,20210120,97,96
PHOHOU20210120,PHO,HOU,20210120,109,103
SASGSW20210120,SAS,GSW,20210120,99,121
SACLAC20210120,SAC,LAC,20210120,96,115
LALMIL20210121,LAL,MIL,20210121,113,106
NYKGSW20210121,NYK,GSW,20210121,119,104
NOPUTA20210121,NOP,UTA,20210121,118,129
CHICHO20210122,CHI,CHO,20210122,123,110
HOUDET20210122,HOU,DET,20210122,103,102
ORLIND20210122,ORL,IND,20210122,118,120
BRKCLE20210122,BRK,CLE,20210122,113,125
BOSPHI20210122,BOS,PHI,20210122,110,122
MIATOR20210122,MIA,TOR,20210122,81,101
ATLMIN20210122,ATL,MIN,20210122,116,98
DALSAS20210122,DAL,SAS,20210122,122,117
OKCLAC20210122,OKC,LAC,20210122,106,120
DENPHO20210122,DEN,PHO,20210122,130,126
NYKSAC20210122,NYK,SAC,20210122,94,103
MIABRK20210123,MIA,BRK,20210123,124,128
PHIDET20210123,PHI,DET,20210123,114,110
NOPMIN20210123,NOP,MIN,20210123,110,120
LALCHI20210123,LAL,CHI,20210123,101,90
HOUDAL20210123,HOU,DAL,20210123,133,108
DENPHO20210123,DEN,PHO,20210123,120,112
GSWUTA20210123,GSW,UTA,20210123,108,127
TORIND20210124,TOR,IND,20210124,107,102
OKCLAC20210124,OKC,LAC,20210124,100,108
CLEBOS20210124,CLE,BOS,20210124,103,141
CHOORL20210124,CHO,ORL,20210124,107,104
ATLMIL20210124,ATL,MIL,20210124,115,129
WASSAS20210124,WAS,SAS,20210124,101,121
NYKPOR20210124,NYK,POR,20210124,113,116
PHIDET20210125,PHI,DET,20210125,104,119
TORIND20210125,TOR,IND,20210125,114,129
CHOORL20210125,CHO,ORL,20210125,108,117
MIABRK20210125,MIA,BRK,20210125,85,98
LALCLE20210125,LAL,CLE,20210125,115,108
DENDAL20210125,DEN,DAL,20210125,117,113
BOSCHI20210125,BOS,CHI,20210125,119,103
MINGSW20210125,MIN,GSW,20210125,108,130
OKCPOR20210125,OKC,POR,20210125,125,122
LACATL20210126,LAC,ATL,20210126,99,108
WASHOU20210126,WAS,HOU,20210126,88,107
NYKUTA20210126,NYK,UTA,20210126,94,108
INDCHO20210127,IND,CHO,20210127,116,106
DETCLE20210127,DET,CLE,20210127,107,122
SACORL20210127,SAC,ORL,20210127,121,107
BRKATL20210127,BRK,ATL,20210127,132,128
DENMIA20210127,DEN,MIA,20210127,109,82
LALPHI20210127,LAL,PHI,20210127,106,107
MILTOR20210127,MIL,TOR,20210127,115,108
BOSSAS20210127,BOS,SAS,20210127,106,110
WASNOP20210127,WAS,NOP,20210127,106,124
OKCPHO20210127,OKC,PHO,20210127,102,97
DALUTA20210127,DAL,UTA,20210127,104,116
MINGSW20210127,MIN,GSW,20210127,111,123
PORHOU20210128,POR,HOU,20210128,101,104
LALDET20210128,LAL,DET,20210128,92,107
LACMIA20210128,LAC,MIA,20210128,109,105
GSWPHO20210128,GSW,PHO,20210128,93,114
INDCHO20210129,IND,CHO,20210129,105,108
ATLWAS20210129,ATL,WAS,20210129,116,100
MILNOP20210129,MIL,NOP,20210129,126,131
CLENYK20210129,CLE,NYK,20210129,81,102
SACTOR20210129,SAC,TOR,20210129,126,124
PHIMIN20210129,PHI,MIN,20210129,118,94
BRKOKC20210129,BRK,OKC,20210129,147,125
LACORL20210129,LAC,ORL,20210129,116,90
DENSAS20210129,DEN,SAS,20210129,109,119
DALUTA20210129,DAL,UTA,20210129,101,120
PORCHI20210130,POR,CHI,20210130,123,122
MILCHO20210130,MIL,CHO,20210130,114,126
SACMIA20210130,SAC,MIA,20210130,104,105
HOUNOP20210130,HOU,NOP,20210130,126,112
LALBOS20210130,LAL,BOS,20210130,96,95
MEMSAS20210130,MEM,SAS,20210130,129,112
PHODAL20210130,PHO,DAL,20210130,111,105
DETGSW20210130,DET,GSW,20210130,91,118
LACNYK20210131,LAC,NYK,20210131,129,115
UTADEN20210131,UTA,DEN,20210131,117,128
PHIIND20210131,PHI,IND,20210131,119,110
ORLTOR20210131,ORL,TOR,20210131,102,115
BRKWAS20210131,BRK,WAS,20210131,146,149
CLEMIN20210131,CLE,MIN,20210131,104,109
LALATL20210201,LAL,ATL,20210201,107,99
CHOMIA20210201,CHO,MIA,20210201,129,121
NYKCHI20210201,NYK,CHI,20210201,102,110
MINCLE20210201,MIN,CLE,20210201,98,100
PORMIL20210201,POR,MIL,20210201,106,134
SACNOP20210201,SAC,NOP,20210201,118,109
HOUOKC20210201,HOU,OKC,20210201,136,106
PHODAL20210201,PHO,DAL,20210201,109,108
MEMSAS20210201,MEM,SAS,20210201,133,102
TORORL20210202,TOR,ORL,20210202,123,108
LACBRK20210202,LAC,BRK,20210202,120,124
MEMIND20210202,MEM,IND,20210202,116,134
PORWAS20210202,POR,WAS,20210202,132,121
BOSGSW20210202,BOS,GSW,20210202,111,107
DETUTA20210202,DET,UTA,20210202,105,117
PHICHO20210203,PHI,CHO,20210203,118,111
INDMIL20210203,IND,MIL,20210203,110,130
DALATL20210203,DAL,ATL,20210203,122,116
NYKCHI20210203,NYK,CHI,20210203,107,103
LACCLE20210203,LAC,CLE,20210203,121,99
WASMIA20210203,WAS,MIA,20210203,103,100
HOUOKC20210203,HOU,OKC,20210203,87,104
MINSAS20210203,MIN,SAS,20210203,108,111
PHONOP20210203,PHO,NOP,20210203,101,123
BOSSAC20210203,BOS,SAC,20210203,111,116
UTAATL20210204,UTA,ATL,20210204,112,91
GSWDAL20210204,GSW,DAL,20210204,147,116
PORPHI20210204,POR,PHI,20210204,121,105
HOUMEM20210204,HOU,MEM,20210204,115,103
DENLAL20210204,DEN,LAL,20210204,93,114
NOPIND20210205,NOP,IND,20210205,114,113
CHIORL20210205,CHI,ORL,20210205,119,123
TORBRK20210205,TOR,BRK,20210205,123,117
MILCLE20210205,MIL,CLE,20210205,123,105
UTACHO20210205,UTA,CHO,20210205,138,121
WASMIA20210205,WAS,MIA,20210205,95,122
MINOKC20210205,MIN,OKC,20210205,106,103
DETPHO20210205,DET,PHO,20210205,92,109
BOSLAC20210205,BOS,LAC,20210205,119,115
PORNYK20210206,POR,NYK,20210206,99,110
DENSAC20210206,DEN,SAC,20210206,114,119
CHIORL20210206,CHI,ORL,20210206,118,92
TORATL20210206,TOR,ATL,20210206,121,132
MILCLE20210206,MIL,CLE,20210206,124,99
SASHOU20210206,SAS,HOU,20210206,111,106
MINOKC20210206,MIN,OKC,20210206,118,120
BRKPHI20210206,BRK,PHI,20210206,108,124
GSWDAL20210206,GSW,DAL,20210206,132,134
MEMNOP20210206,MEM,NOP,20210206,109,118
DETLAL20210206,DET,LAL,20210206,129,135
WASCHO20210207,WAS,CHO,20210207,97,119
UTAIND20210207,UTA,IND,20210207,103,95
MIANYK20210207,MIA,NYK,20210207,109,103
BOSPHO20210207,BOS,PHO,20210207,91,100
SACLAC20210207,SAC,LAC,20210207,113,110
HOUCHO20210208,HOU,CHO,20210208,94,119
WASCHI20210208,WAS,CHI,20210208,105,101
TORMEM20210208,TOR,MEM,20210208,128,113
MINDAL20210208,MIN,DAL,20210208,122,127
GSWSAS20210208,GSW,SAS,20210208,100,105
CLEPHO20210208,CLE,PHO,20210208,113,119
MILDEN20210208,MIL,DEN,20210208,125,112
OKCLAL20210208,OKC,LAL,20210208,112,119
BRKDET20210209,BRK,DET,20210209,111,122
NYKMIA20210209,NYK,MIA,20210209,96,98
HOUNOP20210209,HOU,NOP,20210209,101,130
GSWSAS20210209,GSW,SAS,20210209,114,91
ORLPOR20210209,ORL,POR,20210209,97,106
PHISAC20210209,PHI,SAC,20210209,119,111
BOSUTA20210209,BOS,UTA,20210209,108,122
TORWAS20210210,TOR,WAS,20210210,137,115
ATLDAL20210210,ATL,DAL,20210210,117,118
INDBRK20210210,IND,BRK,20210210,94,104
CHOMEM20210210,CHO,MEM,20210210,114,130
LACMIN20210210,LAC,MIN,20210210,119,112
NOPCHI20210210,NOP,CHI,20210210,116,129
CLEDEN20210210,CLE,DEN,20210210,95,133
OKCLAL20210210,OKC,LAL,20210210,113,114
MILPHO20210210,MIL,PHO,20210210,124,125
TORBOS20210211,TOR,BOS,20210211,106,120
MIAHOU20210211,MIA,HOU,20210211,101,94
INDDET20210211,IND,DET,20210211,111,95
ORLGSW20210211,ORL,GSW,20210211,105,111
PHIPOR20210211,PHI,POR,20210211,114,118
MINCHO20210212,MIN,CHO,20210212,114,120
NYKWAS20210212,NYK,WAS,20210212,109,91
SASATL20210212,SAS,ATL,20210212,125,114
NOPDAL20210212,NOP,DAL,20210212,130,143
DETBOS20210212,DET,BOS,20210212,108,102
LACCHI20210212,LAC,CHI,20210212,125,106
OKCDEN20210212,OKC,DEN,20210212,95,97
MILUTA20210212,MIL,UTA,20210212,115,129
MEMLAL20210212,MEM,LAL,20210212,105,115
CLEPOR20210212,CLE,POR,20210212,110,129
ORLSAC20210212,ORL,SAC,20210212,123,112
PHIPHO20210213,PHI,PHO,20210213,111,120
INDATL20210213,IND,ATL,20210213,125,113
HOUNYK20210213,HOU,NYK,20210213,99,121
BRKGSW20210213,BRK,GSW,20210213,134,117
MIAUTA20210213,MIA,UTA,20210213,94,112
BOSWAS20210214,BOS,WAS,20210214,91,104
SASCHO20210214,SAS,CHO,20210214,122,110
NOPDET20210214,NOP,DET,20210214,112,123
MINTOR20210214,MIN,TOR,20210214,116,112
PORDAL20210214,POR,DAL,20210214,121,118
MILOKC20210214,MIL,OKC,20210214,109,114
ORLPHO20210214,ORL,PHO,20210214,90,109
LALDEN20210214,LAL,DEN,20210214,105,122
CLELAC20210214,CLE,LAC,20210214,111,128
MEMSAC20210214,MEM,SAC,20210214,124,110
CHIIND20210215,CHI,IND,20210215,120,112
HOUWAS20210215,HOU,WAS,20210215,119,131
ATLNYK20210215,ATL,NYK,20210215,112,123
PHIUTA20210215,PHI,UTA,20210215,123,134
CLEGSW20210215,CLE,GSW,20210215,98,129
MIALAC20210215,MIA,LAC,20210215,118,125
BRKSAC20210215,BRK,SAC,20210215,136,125
DENBOS20210216,DEN,BOS,20210216,99,112
NOPMEM20210216,NOP,MEM,20210216,144,113
TORMIL20210216,TOR,MIL,20210216,124,113
LALMIN20210216,LAL,MIN,20210216,112,104
POROKC20210216,POR,OKC,20210216,115,104
BRKPHO20210216,BRK,PHO,20210216,128,124
NYKORL20210217,NYK,ORL,20210217,89,107
ATLBOS20210217,ATL,BOS,20210217,122,114
HOUPHI20210217,HOU,PHI,20210217,113,118
DETCHI20210217,DET,CHI,20210217,102,105
INDMIN20210217,IND,MIN,20210217,134,128
DENWAS20210217,DEN,WAS,20210217,128,130
OKCMEM20210217,OKC,MEM,20210217,113,122
PORNOP20210217,POR,NOP,20210217,126,124
MIAGSW20210217,MIA,GSW,20210217,112,120
UTALAC20210217,UTA,LAC,20210217,114,96
TORMIL20210218,TOR,MIL,20210218,110,96
BRKLAL20210218,BRK,LAL,20210218,109,98
MIASAC20210218,MIA,SAC,20210218,118,110
DENCLE20210219,DEN,CLE,20210219,120,103
GSWORL20210219,GSW,ORL,20210219,120,124
ATLBOS20210219,ATL,BOS,20210219,109,121
CHIPHI20210219,CHI,PHI,20210219,105,112
DETMEM20210219,DET,MEM,20210219,95,109
OKCMIL20210219,OKC,MIL,20210219,85,98
PHONOP20210219,PHO,NOP,20210219,132,114
TORMIN20210219,TOR,MIN,20210219,86,81
UTALAC20210219,UTA,LAC,20210219,112,116
GSWCHO20210220,GSW,CHO,20210220,100,102
MIALAL20210220,MIA,LAL,20210220,96,94
SACCHI20210220,SAC,CHI,20210220,114,122
PHOMEM20210220,PHO,MEM,20210220,128,97
WASPOR20210220,WAS,POR,20210220,118,111
BOSNOP20210221,BOS,NOP,20210221,115,120
OKCCLE20210221,OKC,CLE,20210221,117,101
MINNYK20210221,MIN,NYK,20210221,99,103
DETORL20210221,DET,ORL,20210221,96,105
PHITOR20210221,PHI,TOR,20210221,103,110
DENATL20210221,DEN,ATL,20210221,115,123
BRKLAC20210221,BRK,LAC,20210221,112,108
SACMIL20210221,SAC,MIL,20210221,115,128
CHIHOU20210222,CHI,HOU,20210222,120,100
MEMDAL20210222,MEM,DAL,20210222,92,102
MIAOKC20210222,MIA,OKC,20210222,108,94
PORPHO20210222,POR,PHO,20210222,100,132
CHOUTA20210222,CHO,UTA,20210222,110,132
WASLAL20210222,WAS,LAL,20210222,127,124
ATLCLE20210223,ATL,CLE,20210223,111,112
DETORL20210223,DET,ORL,20210223,105,93
SACBRK20210223,SAC,BRK,20210223,118,127
BOSDAL20210223,BOS,DAL,20210223,107,110
GSWNYK20210223,GSW,NYK,20210223,114,106
PHITOR20210223,PHI,TOR,20210223,109,102
MINMIL20210223,MIN,MIL,20210223,112,139
PORDEN20210223,POR,DEN,20210223,106,111
WASLAC20210223,WAS,LAC,20210223,116,135
BOSATL20210224,BOS,ATL,20210224,112,127
HOUCLE20210224,HOU,CLE,20210224,96,112
GSWIND20210224,GSW,IND,20210224,111,107
MINCHI20210224,MIN,CHI,20210224,126,133
TORMIA20210224,TOR,MIA,20210224,108,116
DETNOP20210224,DET,NOP,20210224,118,128
SASOKC20210224,SAS,OKC,20210224,99,102
CHOPHO20210224,CHO,PHO,20210224,124,121
LALUTA20210224,LAL,UTA,20210224,89,114
DALPHI20210225,DAL,PHI,20210225,97,111
ORLBRK20210225,ORL,BRK,20210225,92,129
SACNYK20210225,SAC,NYK,20210225,121,140
LACMEM20210225,LAC,MEM,20210225,94,122
WASDEN20210225,WAS,DEN,20210225,112,110
NOPMIL20210225,NOP,MIL,20210225,125,129
INDBOS20210226,IND,BOS,20210226,112,118
HOUTOR20210226,HOU,TOR,20210226,111,122
PHOCHI20210226,PHO,CHI,20210226,106,97
SACDET20210226,SAC,DET,20210226,110,107
LACMEM20210226,LAC,MEM,20210226,119,99
UTAMIA20210226,UTA,MIA,20210226,116,124
ATLOKC20210226,ATL,OKC,20210226,109,118
CHOGSW20210226,CHO,GSW,20210226,121,130
PORLAL20210226,POR,LAL,20210226,93,102
CLEPHI20210227,CLE,PHI,20210227,112,109
MINWAS20210227,MIN,WAS,20210227,112,128
INDNYK20210227,IND,NYK,20210227,107,110
DENOKC20210227,DEN,OKC,20210227,126,96
UTAORL20210227,UTA,ORL,20210227,124,109
NOPSAS20210227,NOP,SAS,20210227,114,117
DALBRK20210227,DAL,BRK,20210227,115,98
LACMIL20210228,LAC,MIL,20210228,100,105
WASBOS20210228,WAS,BOS,20210228,110,111
NYKDET20210228,NYK,DET,20210228,109,90
MEMHOU20210228,MEM,HOU,20210228,133,84
GSWLAL20210228,GSW,LAL,20210228,91,117
ATLMIA20210228,ATL,MIA,20210228,99,109
PHOMIN20210228,PHO,MIN,20210228,118,99
CHOSAC20210228,CHO,SAC,20210228,127,126
DALORL20210301,DAL,ORL,20210301,130,124
INDPHI20210301,IND,PHI,20210301,114,130
DENCHI20210301,DEN,CHI,20210301,118,112
UTANOP20210301,UTA,NOP,20210301,124,129
BRKSAS20210301,BRK,SAS,20210301,124,113
CLEHOU20210301,CLE,HOU,20210301,101,90
CHOPOR20210301,CHO,POR,20210301,111,123
MEMWAS20210302,MEM,WAS,20210302,125,111
LACBOS20210302,LAC,BOS,20210302,112,117
ATLMIA20210302,ATL,MIA,20210302,94,80
NYKSAS20210302,NYK,SAS,20210302,93,119
DENMIL20210302,DEN,MIL,20210302,128,97
PHOLAL20210302,PHO,LAL,20210302,114,104
INDCLE20210303,IND,CLE,20210303,114,111
UTAPHI20210303,UTA,PHI,20210303,123,131
DETTOR20210303,DET,TOR,20210303,129,105
BRKHOU20210303,BRK,HOU,20210303,132,114
CHOMIN20210303,CHO,MIN,20210303,135,102
CHINOP20210303,CHI,NOP,20210303,128,124
ATLORL20210303,ATL,ORL,20210303,115,112
OKCDAL20210303,OKC,DAL,20210303,78,87
GSWPOR20210303,GSW,POR,20210303,106,108
LALSAC20210303,LAL,SAC,20210303,120,123
TORBOS20210304,TOR,BOS,20210304,125,132
LACWAS20210304,LAC,WAS,20210304,117,119
DETNYK20210304,DET,NYK,20210304,104,114
DENIND20210304,DEN,IND,20210304,113,103
MILMEM20210304,MIL,MEM,20210304,112,111
MIANOP20210304,MIA,NOP,20210304,103,93
OKCSAS20210304,OKC,SAS,20210304,107,102
GSWPHO20210304,GSW,PHO,20210304,98,120
SACPOR20210304,SAC,POR,20210304,119,123
WASMEM20210310,WAS,MEM,20210310,112,127
SASDAL20210310,SAS,DAL,20210310,104,115
DETCHO20210311,DET,CHO,20210311,102,105
BOSBRK20210311,BOS,BRK,20210311,109,121
ATLTOR20210311,ATL,TOR,20210311,121,120
PHICHI20210311,PHI,CHI,20210311,127,105
ORLMIA20210311,ORL,MIA,20210311,103,111
NYKMIL20210311,NYK,MIL,20210311,101,134
MINNOP20210311,MIN,NOP,20210311,135,105
DALOKC20210311,DAL,OKC,20210311,108,116
GSWLAC20210311,GSW,LAC,20210311,104,130
PHOPOR20210311,PHO,POR,20210311,127,121
HOUSAC20210311,HOU,SAC,20210311,105,125
DENMEM20210312,DEN,MEM,20210312,103,102
CLENOP20210312,CLE,NOP,20210312,82,116
PHIWAS20210312,PHI,WAS,20210312,127,101
MIACHI20210312,MIA,CHI,20210312,101,90
ORLSAS20210312,ORL,SAS,20210312,77,104
HOUUTA20210312,HOU,UTA,20210312,99,114
INDLAL20210312,IND,LAL,20210312,100,105
NYKOKC20210313,NYK,OKC,20210313,119,97
DETBRK20210313,DET,BRK,20210313,95,100
TORCHO20210313,TOR,CHO,20210313,104,114
MILWAS20210313,MIL,WAS,20210313,125,119
SACATL20210313,SAC,ATL,20210313,106,121
PORMIN20210313,POR,MIN,20210313,125,121
DALDEN20210313,DAL,DEN,20210313,116,103
INDPHO20210313,IND,PHO,20210313,122,111
MEMOKC20210314,MEM,OKC,20210314,122,128
UTAGSW20210314,UTA,GSW,20210314,119,131
SASPHI20210314,SAS,PHI,20210314,99,134
MIAORL20210314,MIA,ORL,20210314,102,97
CLEATL20210314,CLE,ATL,20210314,82,100
BOSHOU20210314,BOS,HOU,20210314,134,107
PORMIN20210314,POR,MIN,20210314,112,114
TORCHI20210314,TOR,CHI,20210314,95,118
LACNOP20210314,LAC,NOP,20210314,115,135
SACCHO20210315,SAC,CHO,20210315,116,122
MILWAS20210315,MIL,WAS,20210315,133,122
NYKBRK20210315,NYK,BRK,20210315,112,117
SASDET20210315,SAS,DET,20210315,109,99
LACDAL20210315,LAC,DAL,20210315,109,99
INDDEN20210315,IND,DEN,20210315,106,121
MEMPHO20210315,MEM,PHO,20210315,99,122
LALGSW20210315,LAL,GSW,20210315,128,97
UTABOS20210316,UTA,BOS,20210316,117,109
OKCCHI20210316,OKC,CHI,20210316,102,123
ATLHOU20210316,ATL,HOU,20210316,119,107
CLEMIA20210316,CLE,MIA,20210316,98,113
NYKPHI20210316,NYK,PHI,20210316,96,99
NOPPOR20210316,NOP,POR,20210316,124,125
MINLAL20210316,MIN,LAL,20210316,121,137
TORDET20210317,TOR,DET,20210317,112,116
BRKIND20210317,BRK,IND,20210317,124,115
MILPHI20210317,MIL,PHI,20210317,109,105
SACWAS20210317,SAC,WAS,20210317,121,119
SASCHI20210317,SAS,CHI,20210317,106,99
BOSCLE20210317,BOS,CLE,20210317,110,117
GSWHOU20210317,GSW,HOU,20210317,108,94
CHODEN20210317,CHO,DEN,20210317,104,129
MIAMEM20210317,MIA,MEM,20210317,85,89
LACDAL20210317,LAC,DAL,20210317,89,105
UTAWAS20210318,UTA,WAS,20210318,122,131
OKCATL20210318,OKC,ATL,20210318,93,116
ORLNYK20210318,ORL,NYK,20210318,93,94
MINPHO20210318,MIN,PHO,20210318,123,119
NOPPOR20210318,NOP,POR,20210318,93,101
CHOLAL20210318,CHO,LAL,20210318,105,116
SACBOS20210319,SAC,BOS,20210319,107,96
SASCLE20210319,SAS,CLE,20210319,116,110
DETHOU20210319,DET,HOU,20210319,113,100
GSWMEM20210319,GSW,MEM,20210319,116,103
INDMIA20210319,IND,MIA,20210319,137,110
BRKORL20210319,BRK,ORL,20210319,113,121
UTATOR20210319,UTA,TOR,20210319,115,112
CHIDEN20210319,CHI,DEN,20210319,127,131
MINPHO20210319,MIN,PHO,20210319,101,113
DALPOR20210319,DAL,POR,20210319,119,125
ATLLAL20210320,ATL,LAL,20210320,99,94
GSWMEM20210320,GSW,MEM,20210320,103,111
SACPHI20210320,SAC,PHI,20210320,105,129
SASMIL20210320,SAS,MIL,20210320,113,120
CHOLAC20210320,CHO,LAC,20210320,98,125
INDMIA20210321,IND,MIA,20210321,109,106
OKCHOU20210321,OKC,HOU,20210321,114,112
NOPDEN20210321,NOP,DEN,20210321,113,108
ORLBOS20210321,ORL,BOS,20210321,96,112
WASBRK20210321,WAS,BRK,20210321,106,113
TORCLE20210321,TOR,CLE,20210321,105,116
CHIDET20210321,CHI,DET,20210321,100,86
PHINYK20210321,PHI,NYK,20210321,101,100
LALPHO20210321,LAL,PHO,20210321,94,111
DALPOR20210321,DAL,POR,20210321,132,92
SACCLE20210322,SAC,CLE,20210322,119,105
OKCMIN20210322,OKC,MIN,20210322,112,103
CHOSAS20210322,CHO,SAS,20210322,100,97
UTACHI20210322,UTA,CHI,20210322,120,95
TORHOU20210322,TOR,HOU,20210322,99,117
BOSMEM20210322,BOS,MEM,20210322,126,132
INDMIL20210322,IND,MIL,20210322,113,140
ATLLAC20210322,ATL,LAC,20210322,110,119
DENORL20210323,DEN,ORL,20210323,110,99
LALNOP20210323,LAL,NOP,20210323,111,128
WASNYK20210323,WAS,NYK,20210323,113,131
PHOMIA20210323,PHO,MIA,20210323,110,100
PHIGSW20210323,PHI,GSW,20210323,108,98
BRKPOR20210323,BRK,POR,20210323,116,112
DETIND20210324,DET,IND,20210324,111,116
BOSMIL20210324,BOS,MIL,20210324,119,121
DENTOR20210324,DEN,TOR,20210324,111,135
CLECHI20210324,CLE,CHI,20210324,103,94
CHOHOU20210324,CHO,HOU,20210324,122,97
DALMIN20210324,DAL,MIN,20210324,128,108
MEMOKC20210324,MEM,OKC,20210324,116,107
PHOORL20210324,PHO,ORL,20210324,111,112
LACSAS20210324,LAC,SAS,20210324,134,101
ATLSAC20210324,ATL,SAC,20210324,108,110
BRKUTA20210324,BRK,UTA,20210324,88,118
PORMIA20210325,POR,MIA,20210325,125,122
WASNYK20210325,WAS,NYK,20210325,102,106
LACSAS20210325,LAC,SAS,20210325,98,85
PHILAL20210325,PHI,LAL,20210325,109,101
GSWSAC20210325,GSW,SAC,20210325,119,141
BRKDET20210326,BRK,DET,20210326,113,111
BOSMIL20210326,BOS,MIL,20210326,122,114
PHOTOR20210326,PHO,TOR,20210326,104,100
MIACHO20210326,MIA,CHO,20210326,105,110
HOUMIN20210326,HOU,MIN,20210326,101,107
DENNOP20210326,DEN,NOP,20210326,113,108
PORORL20210326,POR,ORL,20210326,112,105
INDDAL20210326,IND,DAL,20210326,109,94
MEMUTA20210326,MEM,UTA,20210326,114,117
ATLGSW20210326,ATL,GSW,20210326,124,108
CLELAL20210326,CLE,LAL,20210326,86,100
NYKMIL20210327,NYK,MIL,20210327,102,96
HOUMIN20210327,HOU,MIN,20210327,129,107
DETWAS20210327,DET,WAS,20210327,92,106
CHISAS20210327,CHI,SAS,20210327,104,120
DALNOP20210327,DAL,NOP,20210327,103,112
BOSOKC20210327,BOS,OKC,20210327,111,94
MEMUTA20210327,MEM,UTA,20210327,110,126
PHILAC20210327,PHI,LAC,20210327,112,122
CLESAC20210327,CLE,SAC,20210327,98,100
PHOCHO20210328,PHO,CHO,20210328,101,97
PORTOR20210328,POR,TOR,20210328,122,117
ATLDEN20210328,ATL,DEN,20210328,102,126
ORLLAL20210328,ORL,LAL,20210328,93,96
INDWAS20210329,IND,WAS,20210329,124,132
NOPBOS20210329,NOP,BOS,20210329,115,109
MINBRK20210329,MIN,BRK,20210329,107,112
MIANYK20210329,MIA,NYK,20210329,98,88
TORDET20210329,TOR,DET,20210329,104,118
MEMHOU20210329,MEM,HOU,20210329,120,110
DALOKC20210329,DAL,OKC,20210329,127,106
SACSAS20210329,SAC,SAS,20210329,132,115
CLEUTA20210329,CLE,UTA,20210329,75,114
CHIGSW20210329,CHI,GSW,20210329,102,116
MILLAC20210329,MIL,LAC,20210329,105,129
CHOWAS20210330,CHO,WAS,20210330,114,104
PHIDEN20210330,PHI,DEN,20210330,95,104
ORLLAC20210330,ORL,LAC,20210330,103,96
ATLPHO20210330,ATL,PHO,20210330,110,117
PORDET20210331,POR,DET,20210331,124,101
MIAIND20210331,MIA,IND,20210331,92,87
DALBOS20210331,DAL,BOS,20210331,113,108
HOUBRK20210331,HOU,BRK,20210331,108,120
UTAMEM20210331,UTA,MEM,20210331,111,107
NYKMIN20210331,NYK,MIN,20210331,101,102
TOROKC20210331,TOR,OKC,20210331,103,113
SACSAS20210331,SAC,SAS,20210331,106,120
MILLAL20210331,MIL,LAL,20210331,112,97
CHIPHO20210331,CHI,PHO,20210331,116,121
PHICLE20210401,PHI,CLE,20210401,114,94
WASDET20210401,WAS,DET,20210401,91,120
CHOBRK20210401,CHO,BRK,20210401,89,111
GSWMIA20210401,GSW,MIA,20210401,109,116
ORLNOP20210401,ORL,NOP,20210401,115,110
ATLSAS20210401,ATL,SAS,20210401,134,129
DENLAC20210401,DEN,LAC,20210401,101,94
GSWTOR20210402,GSW,TOR,20210402,77,130
HOUBOS20210402,HOU,BOS,20210402,102,118
DALNYK20210402,DAL,NYK,20210402,99,86
CHOIND20210402,CHO,IND,20210402,114,97
MINMEM20210402,MIN,MEM,20210402,108,120
ATLNOP20210402,ATL,NOP,20210402,126,103
CHIUTA20210402,CHI,UTA,20210402,106,113
OKCPHO20210402,OKC,PHO,20210402,103,140
MILPOR20210402,MIL,POR,20210402,127,109
LALSAC20210402,LAL,SAC,20210402,115,94
DALWAS20210403,DAL,WAS,20210403,109,87
NYKDET20210403,NYK,DET,20210403,125,81
CLEMIA20210403,CLE,MIA,20210403,101,115
MINPHI20210403,MIN,PHI,20210403,113,122
INDSAS20210403,IND,SAS,20210403,139,133
ORLUTA20210403,ORL,UTA,20210403,91,137
OKCPOR20210403,OKC,POR,20210403,85,133
MILSAC20210403,MIL,SAC,20210403,129,128
BRKCHI20210404,BRK,CHI,20210404,107,115
LALLAC20210404,LAL,LAC,20210404,86,104
CHOBOS20210404,CHO,BOS,20210404,86,116
MEMPHI20210404,MEM,PHI,20210404,116,100
GSWATL20210404,GSW,ATL,20210404,111,117
NOPHOU20210404,NOP,HOU,20210404,122,115
ORLDEN20210404,ORL,DEN,20210404,109,119
NYKBRK20210405,NYK,BRK,20210405,112,114
UTADAL20210405,UTA,DAL,20210405,103,111
SACMIN20210405,SAC,MIN,20210405,106,116
DETOKC20210405,DET,OKC,20210405,132,108
CLESAS20210405,CLE,SAS,20210405,125,101
WASTOR20210405,WAS,TOR,20210405,101,103
PHOHOU20210405,PHO,HOU,20210405,133,130
CHIIND20210406,CHI,IND,20210406,113,97
NOPATL20210406,NOP,ATL,20210406,107,123
PHIBOS20210406,PHI,BOS,20210406,106,96
LALTOR20210406,LAL,TOR,20210406,110,101
MEMMIA20210406,MEM,MIA,20210406,124,112
DETDEN20210406,DET,DEN,20210406,119,134
MILGSW20210406,MIL,GSW,20210406,121,122
PORLAC20210406,POR,LAC,20210406,116,133
MININD20210407,MIN,IND,20210407,137,141
WASORL20210407,WAS,ORL,20210407,131,116
NYKBOS20210407,NYK,BOS,20210407,99,101
NOPBRK20210407,NOP,BRK,20210407,111,139
MEMATL20210407,MEM,ATL,20210407,131,113
DALHOU20210407,DAL,HOU,20210407,93,102
CHOOKC20210407,CHO,OKC,20210407,113,102
SASDEN20210407,SAS,DEN,20210407,96,106
UTAPHO20210407,UTA,PHO,20210407,113,117
LALMIA20210408,LAL,MIA,20210408,104,110
CHITOR20210408,CHI,TOR,20210408,122,113
CLEOKC20210408,CLE,OKC,20210408,129,102
MILDAL20210408,MIL,DAL,20210408,101,116
PHOLAC20210408,PHO,LAC,20210408,103,113
DETSAC20210408,DET,SAC,20210408,113,101
PORUTA20210408,POR,UTA,20210408,103,122
INDORL20210409,IND,ORL,20210409,111,106
MINBOS20210409,MIN,BOS,20210409,136,145
MEMNYK20210409,MEM,NYK,20210409,129,133
CHIATL20210409,CHI,ATL,20210409,108,120
PHINOP20210409,PHI,NOP,20210409,94,101
SASDEN20210409,SAS,DEN,20210409,119,121
CHOMIL20210409,CHO,MIL,20210409,127,119
WASGSW20210409,WAS,GSW,20210409,110,107
HOULAC20210409,HOU,LAC,20210409,109,126
TORCLE20210410,TOR,CLE,20210410,135,115
LALBRK20210410,LAL,BRK,20210410,126,101
PHIOKC20210410,PHI,OKC,20210410,117,93
SACUTA20210410,SAC,UTA,20210410,112,128
HOUGSW20210410,HOU,GSW,20210410,109,125
WASPHO20210410,WAS,PHO,20210410,106,134
DETPOR20210410,DET,POR,20210410,103,118
ATLCHO20210411,ATL,CHO,20210411,105,101
BOSDEN20210411,BOS,DEN,20210411,105,87
NOPCLE20210411,NOP,CLE,20210411,116,109
MILORL20210411,MIL,ORL,20210411,124,87
SASDAL20210411,SAS,DAL,20210411,119,117
INDMEM20210411,IND,MEM,20210411,132,125
CHIMIN20210411,CHI,MIN,20210411,117,121
TORNYK20210411,TOR,NYK,20210411,96,102
DETLAC20210411,DET,LAC,20210411,124,131
MIAPOR20210411,MIA,POR,20210411,107,98
PHIDAL20210412,PHI,DAL,20210412,113,95
LALNYK20210412,LAL,NYK,20210412,96,111
SASORL20210412,SAS,ORL,20210412,120,97
CHIMEM20210412,CHI,MEM,20210412,90,101
SACNOP20210412,SAC,NOP,20210412,110,117
WASUTA20210412,WAS,UTA,20210412,125,121
DENGSW20210412,DEN,GSW,20210412,107,116
HOUPHO20210412,HOU,PHO,20210412,120,126
BRKMIN20210413,BRK,MIN,20210413,127,97
LACIND20210413,LAC,IND,20210413,126,115
ATLTOR20210413,ATL,TOR,20210413,108,103
LALCHO20210413,LAL,CHO,20210413,101,93
OKCUTA20210413,OKC,UTA,20210413,96,106
MIAPHO20210413,MIA,PHO,20210413,86,106
BOSPOR20210413,BOS,POR,20210413,116,115
MILMIN20210414,MIL,MIN,20210414,130,105
CLECHO20210414,CLE,CHO,20210414,103,90
BRKPHI20210414,BRK,PHI,20210414,117,123
SASTOR20210414,SAS,TOR,20210414,112,117
ORLCHI20210414,ORL,CHI,20210414,115,106
LACDET20210414,LAC,DET,20210414,100,98
NYKNOP20210414,NYK,NOP,20210414,116,106
INDHOU20210414,IND,HOU,20210414,132,124
GSWOKC20210414,GSW,OKC,20210414,147,109
DALMEM20210414,DAL,MEM,20210414,114,113
MIADEN20210414,MIA,DEN,20210414,106,123
WASSAC20210414,WAS,SAC,20210414,123,111
MILATL20210415,MIL,ATL,20210415,120,109
GSWCLE20210415,GSW,CLE,20210415,119,101
BOSLAL20210415,BOS,LAL,20210415,121,113
SACPHO20210415,SAC,PHO,20210415,114,122
INDUTA20210416,IND,UTA,20210416,111,119
OKCDET20210416,OKC,DET,20210416,104,110
LACPHI20210416,LAC,PHI,20210416,103,106
NOPWAS20210416,NOP,WAS,20210416,115,117
CHOBRK20210416,CHO,BRK,20210416,115,130
ORLTOR20210416,ORL,TOR,20210416,102,113
MEMCHI20210416,MEM,CHI,20210416,126,115
DENHOU20210416,DEN,HOU,20210416,128,99
MIAMIN20210416,MIA,MIN,20210416,111,119
PORSAS20210416,POR,SAS,20210416,107,106
NYKDAL20210416,NYK,DAL,20210416,117,109
UTALAL20210417,UTA,LAL,20210417,115,127
CLECHI20210417,CLE,CHI,20210417,96,106
DETWAS20210417,DET,WAS,20210417,100,121
GSWBOS20210417,GSW,BOS,20210417,114,119
MEMMIL20210417,MEM,MIL,20210417,128,115
SASPHO20210417,SAS,PHO,20210417,111,85
INDATL20210418,IND,ATL,20210418,117,129
NOPNYK20210418,NOP,NYK,20210418,112,122
BRKMIA20210418,BRK,MIA,20210418,107,109
PORCHO20210418,POR,CHO,20210418,101,109
HOUORL20210418,HOU,ORL,20210418,114,110
OKCTOR20210418,OKC,TOR,20210418,106,112
SACDAL20210418,SAC,DAL,20210418,121,107
MINLAC20210418,MIN,LAC,20210418,105,124
CLEDET20210419,CLE,DET,20210419,105,109
CHIBOS20210419,CHI,BOS,20210419,102,96
GSWPHI20210419,GSW,PHI,20210419,107,96
SASIND20210419,SAS,IND,20210419,109,94
HOUMIA20210419,HOU,MIA,20210419,91,113
PHOMIL20210419,PHO,MIL,20210419,128,127
OKCWAS20210419,OKC,WAS,20210419,107,119
MEMDEN20210419,MEM,DEN,20210419,137,139
UTALAL20210419,UTA,LAL,20210419,111,97
ORLATL20210420,ORL,ATL,20210420,96,112
BRKNOP20210420,BRK,NOP,20210420,134,129
CHONYK20210420,CHO,NYK,20210420,97,109
LACPOR20210420,LAC,POR,20210420,113,112
MINSAC20210420,MIN,SAC,20210420,134,120
CHICLE20210421,CHI,CLE,20210421,105,121
OKCIND20210421,OKC,IND,20210421,116,122
PHOPHI20210421,PHO,PHI,20210421,116,113
BRKTOR20210421,BRK,TOR,20210421,103,114
GSWWAS20210421,GSW,WAS,20210421,114,118
UTAHOU20210421,UTA,HOU,20210421,112,89
ATLNYK20210421,ATL,NYK,20210421,127,137
DETDAL20210421,DET,DAL,20210421,117,127
MIASAS20210421,MIA,SAS,20210421,107,87
MEMLAC20210421,MEM,LAC,20210421,105,117
DENPOR20210421,DEN,POR,20210421,106,105
MINSAC20210421,MIN,SAC,20210421,125,128
PHOBOS20210422,PHO,BOS,20210422,86,99
PHIMIL20210422,PHI,MIL,20210422,117,124
NOPORL20210422,NOP,ORL,20210422,135,100
DETSAS20210422,DET,SAS,20210422,91,106
CHOCHI20210422,CHO,CHI,20210422,91,108
LALDAL20210422,LAL,DAL,20210422,110,115
MIAATL20210423,MIA,ATL,20210423,103,118
BOSBRK20210423,BOS,BRK,20210423,104,109
CLECHO20210423,CLE,CHO,20210423,102,108
LACHOU20210423,LAC,HOU,20210423,109,104
WASOKC20210423,WAS,OKC,20210423,129,109
DENGSW20210423,DEN,GSW,20210423,97,118
MEMPOR20210423,MEM,POR,20210423,130,128
TORNYK20210424,TOR,NYK,20210424,103,120
PHIMIL20210424,PHI,MIL,20210424,94,132
DETIND20210424,DET,IND,20210424,109,115
CHIMIA20210424,CHI,MIA,20210424,101,106
SASNOP20210424,SAS,NOP,20210424,110,108
LALDAL20210424,LAL,DAL,20210424,93,108
MINUTA20210424,MIN,UTA,20210424,101,96
HOUDEN20210424,HOU,DEN,20210424,116,129
BOSCHO20210425,BOS,CHO,20210425,104,125
PHOBRK20210425,PHO,BRK,20210425,119,128
MEMPOR20210425,MEM,POR,20210425,120,113
CLEWAS20210425,CLE,WAS,20210425,110,119
MILATL20210425,MIL,ATL,20210425,104,111
INDORL20210425,IND,ORL,20210425,131,112
SACGSW20210425,SAC,GSW,20210425,113,117
ATLDET20210426,ATL,DET,20210426,86,100
LALORL20210426,LAL,ORL,20210426,114,103
OKCPHI20210426,OKC,PHI,20210426,90,121
SASWAS20210426,SAS,WAS,20210426,146,143
PHONYK20210426,PHO,NYK,20210426,118,110
CLETOR20210426,CLE,TOR,20210426,96,112
CHIMIA20210426,CHI,MIA,20210426,110,102
UTAMIN20210426,UTA,MIN,20210426,104,105
LACNOP20210426,LAC,NOP,20210426,103,120
MEMDEN20210426,MEM,DEN,20210426,96,120
DALSAC20210426,DAL,SAC,20210426,106,113
OKCBOS20210427,OKC,BOS,20210427,119,115
MILCHO20210427,MIL,CHO,20210427,114,104
PORIND20210427,POR,IND,20210427,133,112
BRKTOR20210427,BRK,TOR,20210427,116,103
MINHOU20210427,MIN,HOU,20210427,114,107
DALGSW20210427,DAL,GSW,20210427,133,103
ORLCLE20210428,ORL,CLE,20210428,109,104
ATLPHI20210428,ATL,PHI,20210428,83,127
CHOBOS20210428,CHO,BOS,20210428,111,120
CHINYK20210428,CHI,NYK,20210428,94,113
LALWAS20210428,LAL,WAS,20210428,107,116
SASMIA20210428,SAS,MIA,20210428,111,116
NOPDEN20210428,NOP,DEN,20210428,112,114
PORMEM20210428,POR,MEM,20210428,130,109
LACPHO20210428,LAC,PHO,20210428,101,109
UTASAC20210428,UTA,SAC,20210428,154,105
DALDET20210429,DAL,DET,20210429,115,105
BRKIND20210429,BRK,IND,20210429,130,113
MILHOU20210429,MIL,HOU,20210429,136,143
GSWMIN20210429,GSW,MIN,20210429,114,126
TORDEN20210429,TOR,DEN,20210429,111,121
NOPOKC20210429,NOP,OKC,20210429,109,95
ATLPHI20210430,ATL,PHI,20210430,104,126
SASBOS20210430,SAS,BOS,20210430,140,143
WASCLE20210430,WAS,CLE,20210430,122,93
PORBRK20210430,POR,BRK,20210430,128,109
ORLMEM20210430,ORL,MEM,20210430,75,92
MILCHI20210430,MIL,CHI,20210430,108,98
UTAPHO20210430,UTA,PHO,20210430,100,121
SACLAL20210430,SAC,LAL,20210430,110,106
DETCHO20210501,DET,CHO,20210501,94,107
GSWHOU20210501,GSW,HOU,20210501,113,87
CHIATL20210501,CHI,ATL,20210501,97,108
MIACLE20210501,MIA,CLE,20210501,124,107
NOPMIN20210501,NOP,MIN,20210501,140,136
INDOKC20210501,IND,OKC,20210501,152,95
MEMORL20210501,MEM,ORL,20210501,111,112
WASDAL20210501,WAS,DAL,20210501,124,125
DENLAC20210501,DEN,LAC,20210501,110,104
TORUTA20210501,TOR,UTA,20210501,102,106
BRKMIL20210502,BRK,MIL,20210502,114,117
PORBOS20210502,POR,BOS,20210502,129,119
MIACHO20210502,MIA,CHO,20210502,121,111
SACDAL20210502,SAC,DAL,20210502,111,99
NYKHOU20210502,NYK,HOU,20210502,122,97
PHOOKC20210502,PHO,OKC,20210502,123,120
PHISAS20210502,PHI,SAS,20210502,113,111
TORLAL20210502,TOR,LAL,20210502,121,114
ORLDET20210503,ORL,DET,20210503,119,112
INDWAS20210503,IND,WAS,20210503,141,154
GSWNOP20210503,GSW,NOP,20210503,123,108
PORATL20210503,POR,ATL,20210503,114,123
PHICHI20210503,PHI,CHI,20210503,106,94
NYKMEM20210503,NYK,MEM,20210503,118,104
DENLAL20210503,DEN,LAL,20210503,89,93
SASUTA20210503,SAS,UTA,20210503,99,110
PHOCLE20210504,PHO,CLE,20210504,134,118
CHODET20210504,CHO,DET,20210504,102,99
BRKMIL20210504,BRK,MIL,20210504,118,124
DALMIA20210504,DAL,MIA,20210504,127,113
GSWNOP20210504,GSW,NOP,20210504,103,108
SACOKC20210504,SAC,OKC,20210504,103,99
TORLAC20210504,TOR,LAC,20210504,100,105
BOSORL20210505,BOS,ORL,20210505,132,96
PORCLE20210505,POR,CLE,20210505,141,105
PHOATL20210505,PHO,ATL,20210505,103,135
PHIHOU20210505,PHI,HOU,20210505,135,115
SACIND20210505,SAC,IND,20210505,104,93
WASMIL20210505,WAS,MIL,20210505,134,135
MEMMIN20210505,MEM,MIN,20210505,139,135
NYKDEN20210505,NYK,DEN,20210505,97,113
SASUTA20210505,SAS,UTA,20210505,94,126
CHICHO20210506,CHI,CHO,20210506,120,99
BRKDAL20210506,BRK,DAL,20210506,109,113
WASTOR20210506,WAS,TOR,20210506,131,129
MEMDET20210506,MEM,DET,20210506,97,111
ATLIND20210506,ATL,IND,20210506,126,133
OKCGSW20210506,OKC,GSW,20210506,97,118
LALLAC20210506,LAL,LAC,20210506,94,118
NOPPHI20210507,NOP,PHI,20210507,107,109
BOSCHI20210507,BOS,CHI,20210507,99,121
ORLCHO20210507,ORL,CHO,20210507,112,122
MINMIA20210507,MIN,MIA,20210507,112,121
HOUMIL20210507,HOU,MIL,20210507,133,141
CLEDAL20210507,CLE,DAL,20210507,90,110
DENUTA20210507,DEN,UTA,20210507,120,127
NYKPHO20210507,NYK,PHO,20210507,105,128
LALPOR20210507,LAL,POR,20210507,101,106
SASSAC20210507,SAS,SAC,20210507,113,104
WASIND20210508,WAS,IND,20210508,133,132
DETPHI20210508,DET,PHI,20210508,104,118
MEMTOR20210508,MEM,TOR,20210508,109,99
BRKDEN20210508,BRK,DEN,20210508,125,119
OKCGSW20210508,OKC,GSW,20210508,97,136
SASPOR20210508,SAS,POR,20210508,102,124
HOUUTA20210508,HOU,UTA,20210508,116,124
MIABOS20210509,MIA,BOS,20210509,130,124
NYKLAC20210509,NYK,LAC,20210509,106,100
NOPCHO20210509,NOP,CHO,20210509,112,110
DALCLE20210509,DAL,CLE,20210509,124,97
MINORL20210509,MIN,ORL,20210509,128,96
CHIDET20210509,CHI,DET,20210509,108,96
PHOLAL20210509,PHO,LAL,20210509,110,123
OKCSAC20210509,OKC,SAC,20210509,98,126
WASATL20210510,WAS,ATL,20210510,124,125
INDCLE20210510,IND,CLE,20210510,111,102
NOPMEM20210510,NOP,MEM,20210510,110,115
MILSAS20210510,MIL,SAS,20210510,125,146
UTAGSW20210510,UTA,GSW,20210510,116,119
HOUPOR20210510,HOU,POR,20210510,129,140
DENCHO20210511,DEN,CHO,20210511,117,112
MINDET20210511,MIN,DET,20210511,119,100
MIABOS20210511,MIA,BOS,20210511,129,121
LACTOR20210511,LAC,TOR,20210511,115,96
BRKCHI20210511,BRK,CHI,20210511,115,107
PHIIND20210511,PHI,IND,20210511,94,103
DALMEM20210511,DAL,MEM,20210511,104,133
ORLMIL20210511,ORL,MIL,20210511,102,114
PHOGSW20210511,PHO,GSW,20210511,116,122
NYKLAL20210511,NYK,LAL,20210511,99,101
OKCSAC20210511,OKC,SAC,20210511,106,122
WASATL20210512,WAS,ATL,20210512,116,120
SASBRK20210512,SAS,BRK,20210512,116,128
BOSCLE20210512,BOS,CLE,20210512,94,102
NOPDAL20210512,NOP,DAL,20210512,107,125
PORUTA20210512,POR,UTA,20210512,105,98
HOULAL20210512,HOU,LAL,20210512,122,124
LACCHO20210513,LAC,CHO,20210513,113,90
MILIND20210513,MIL,IND,20210513,142,133
ORLATL20210513,ORL,ATL,20210513,93,116
PHIMIA20210513,PHI,MIA,20210513,94,106
SASNYK20210513,SAS,NYK,20210513,98,102
TORCHI20210513,TOR,CHI,20210513,102,114
SACMEM20210513,SAC,MEM,20210513,110,116
DENMIN20210513,DEN,MIN,20210513,114,103
PORPHO20210513,POR,PHO,20210513,117,118
CLEWAS20210514,CLE,WAS,20210514,105,120
DENDET20210514,DEN,DET,20210514,104,91
UTAOKC20210514,UTA,OKC,20210514,109,93
ORLPHI20210514,ORL,PHI,20210514,97,122
TORDAL20210514,TOR,DAL,20210514,110,114
LACHOU20210514,LAC,HOU,20210514,115,122
SACMEM20210514,SAC,MEM,20210514,106,107
NOPGSW20210514,NOP,GSW,20210514,122,125
CHIBRK20210515,CHI,BRK,20210515,91,105
LALIND20210515,LAL,IND,20210515,122,115
CHONYK20210515,CHO,NYK,20210515,109,118
BOSMIN20210515,BOS,MIN,20210515,124,108
PHOSAS20210515,PHO,SAS,20210515,140,103
MIAMIL20210515,MIA,MIL,20210515,108,122
BOSNYK20210516,BOS,NYK,20210516,92,96
INDTOR20210516,IND,TOR,20210516,125,113
CHOWAS20210516,CHO,WAS,20210516,110,115
PHOSAS20210516,PHO,SAS,20210516,123,121
MEMGSW20210516,MEM,GSW,20210516,101,113
HOUATL20210516,HOU,ATL,20210516,95,124
CLEBRK20210516,CLE,BRK,20210516,109,123
ORLPHI20210516,ORL,PHI,20210516,117,128
MIADET20210516,MIA,DET,20210516,120,107
MILCHI20210516,MIL,CHI,20210516,112,118
DALMIN20210516,DAL,MIN,20210516,121,136
LALNOP20210516,LAL,NOP,20210516,110,98
LACOKC20210516,LAC,OKC,20210516,112,117
DENPOR20210516,DEN,POR,20210516,116,132
UTASAC20210516,UTA,SAC,20210516,121,99
CHOIND20210518,CHO,IND,20210518,117,144
WASBOS20210518,WAS,BOS,20210518,100,118
SASMEM20210519,SAS,MEM,20210519,96,100
GSWLAL20210519,GSW,LAL,20210519,100,103
INDWAS20210520,IND,WAS,20210520,115,142
MEMGSW20210521,MEM,GSW,20210521,117,112
MIAMIL20210522,MIA,MIL,20210522,107,109
DALLAC20210522,DAL,LAC,20210522,113,103
BOSBRK20210522,BOS,BRK,20210522,93,104
PORDEN20210522,POR,DEN,20210522,123,109
WASPHI20210523,WAS,PHI,20210523,118,125
LALPHO20210523,LAL,PHO,20210523,90,99
ATLNYK20210523,ATL,NYK,20210523,107,105
MEMUTA20210523,MEM,UTA,20210523,112,109
MIAMIL20210524,MIA,MIL,20210524,98,132
PORDEN20210524,POR,DEN,20210524,109,128
BOSBRK20210525,BOS,BRK,20210525,108,130
LALPHO20210525,LAL,PHO,20210525,109,102
DALLAC20210525,DAL,LAC,20210525,127,121
WASPHI20210526,WAS,PHI,20210526,95,120
ATLNYK20210526,ATL,NYK,20210526,92,101
MEMUTA20210526,MEM,UTA,20210526,129,141
MILMIA20210527,MIL,MIA,20210527,113,84
PHOLAL20210527,PHO,LAL,20210527,95,109
DENPOR20210527,DEN,POR,20210527,120,115
NYKATL20210528,NYK,ATL,20210528,94,105
BRKBOS20210528,BRK,BOS,20210528,119,125
LACDAL20210528,LAC,DAL,20210528,118,108
MILMIA20210529,MIL,MIA,20210529,120,103
DENPOR20210529,DEN,POR,20210529,95,115
PHIWAS20210529,PHI,WAS,20210529,132,103
UTAMEM20210529,UTA,MEM,20210529,121,111
NYKATL20210530,NYK,ATL,20210530,96,113
PHOLAL20210530,PHO,LAL,20210530,100,92
BRKBOS20210530,BRK,BOS,20210530,141,126
LACDAL20210530,LAC,DAL,20210530,106,81
PHIWAS20210531,PHI,WAS,20210531,114,122
UTAMEM20210531,UTA,MEM,20210531,120,113
BOSBRK20210601,BOS,BRK,20210601,109,123
PORDEN20210601,POR,DEN,20210601,140,147
LALPHO20210601,LAL,PHO,20210601,85,115
WASPHI20210602,WAS,PHI,20210602,112,129
ATLNYK20210602,ATL,NYK,20210602,103,89
MEMUTA20210602,MEM,UTA,20210602,110,126
DALLAC20210602,DAL,LAC,20210602,105,100
DENPOR20210603,DEN,POR,20210603,126,115
PHOLAL20210603,PHO,LAL,20210603,113,100
LACDAL20210604,LAC,DAL,20210604,104,97
MILBRK20210605,MIL,BRK,20210605,107,115
ATLPHI20210606,ATL,PHI,20210606,128,124
DALLAC20210606,DAL,LAC,20210606,111,126
MILBRK20210607,MIL,BRK,20210607,86,125
DENPHO20210607,DEN,PHO,20210607,105,122
ATLPHI20210608,ATL,PHI,20210608,102,118
LACUTA20210608,LAC,UTA,20210608,109,112
DENPHO20210609,DEN,PHO,20210609,98,123
BRKMIL20210610,BRK,MIL,20210610,83,86
LACUTA20210610,LAC,UTA,20210610,111,117
PHIATL20210611,PHI,ATL,20210611,127,111
PHODEN20210611,PHO,DEN,20210611,116,102
UTALAC20210612,UTA,LAC,20210612,106,132
BRKMIL20210613,BRK,MIL,20210613,96,107
PHODEN20210613,PHO,DEN,20210613,125,118
PHIATL20210614,PHI,ATL,20210614,100,103
UTALAC20210614,UTA,LAC,20210614,104,118
MILBRK20210615,MIL,BRK,20210615,108,114
ATLPHI20210616,ATL,PHI,20210616,109,106
LACUTA20210616,LAC,UTA,20210616,119,111
BRKMIL20210617,BRK,MIL,20210617,89,104
PHIATL20210618,PHI,ATL,20210618,104,99
UTALAC20210618,UTA,LAC,20210618,119,131
MILBRK20210619,MIL,BRK,20210619,115,111
LACPHO20210620,LAC,PHO,20210620,114,120
ATLPHI20210620,ATL,PHI,20210620,103,96
LACPHO20210622,LAC,PHO,20210622,103,104
ATLMIL20210623,ATL,MIL,20210623,116,113
PHOLAC20210624,PHO,LAC,20210624,92,106
ATLMIL20210625,ATL,MIL,20210625,91,125
PHOLAC20210626,PHO,LAC,20210626,84,80
MILATL20210627,MIL,ATL,20210627,113,102
LACPHO20210628,LAC,PHO,20210628,116,102
MILATL20210629,MIL,ATL,20210629,88,110
PHOLAC20210630,PHO,LAC,20210630,130,103
BRKMIL20211019,BRK,MIL,20211019,104,127
GSWLAL20211019,GSW,LAL,20211019,121,114
INDCHO20211020,IND,CHO,20211020,122,123
CHIDET20211020,CHI,DET,20211020,94,88
BOSNYK20211020,BOS,NYK,20211020,134,138
WASTOR20211020,WAS,TOR,20211020,98,83
CLEMEM20211020,CLE,MEM,20211020,121,132
HOUMIN20211020,HOU,MIN,20211020,106,124
PHINOP20211020,PHI,NOP,20211020,117,97
ORLSAS20211020,ORL,SAS,20211020,97,123
OKCUTA20211020,OKC,UTA,20211020,86,107
SACPOR20211020,SAC,POR,20211020,124,121
DENPHO20211020,DEN,PHO,20211020,110,98
DALATL20211021,DAL,ATL,20211021,87,113
MILMIA20211021,MIL,MIA,20211021,95,137
LACGSW20211021,LAC,GSW,20211021,113,115
NYKORL20211022,NYK,ORL,20211022,121,96
INDWAS20211022,IND,WAS,20211022,134,135
CHOCLE20211022,CHO,CLE,20211022,123,112
TORBOS20211022,TOR,BOS,20211022,115,83
BRKPHI20211022,BRK,PHI,20211022,114,109
OKCHOU20211022,OKC,HOU,20211022,91,124
NOPCHI20211022,NOP,CHI,20211022,112,128
SASDEN20211022,SAS,DEN,20211022,96,102
PHOLAL20211022,PHO,LAL,20211022,115,105
UTASAC20211022,UTA,SAC,20211022,110,101
ATLCLE20211023,ATL,CLE,20211023,95,101
MIAIND20211023,MIA,IND,20211023,91,102
DALTOR20211023,DAL,TOR,20211023,103,95
DETCHI20211023,DET,CHI,20211023,82,97
NOPMIN20211023,NOP,MIN,20211023,89,96
MILSAS20211023,MIL,SAS,20211023,121,111
PHOPOR20211023,PHO,POR,20211023,105,134
MEMLAC20211023,MEM,LAC,20211023,120,114
CHOBRK20211024,CHO,BRK,20211024,111,95
BOSHOU20211024,BOS,HOU,20211024,107,97
ORLNYK20211024,ORL,NYK,20211024,110,104
PHIOKC20211024,PHI,OKC,20211024,115,103
GSWSAC20211024,GSW,SAC,20211024,119,107
MEMLAL20211024,MEM,LAL,20211024,118,121
BOSCHO20211025,BOS,CHO,20211025,140,129
MILIND20211025,MIL,IND,20211025,119,109
CHITOR20211025,CHI,TOR,20211025,111,108
ORLMIA20211025,ORL,MIA,20211025,90,107
WASBRK20211025,WAS,BRK,20211025,90,104
DETATL20211025,DET,ATL,20211025,104,122
NOPMIN20211025,NOP,MIN,20211025,107,98
CLEDEN20211025,CLE,DEN,20211025,99,87
PORLAC20211025,POR,LAC,20211025,86,116
PHINYK20211026,PHI,NYK,20211026,99,112
GSWOKC20211026,GSW,OKC,20211026,106,98
LALSAS20211026,LAL,SAS,20211026,125,121
HOUDAL20211026,HOU,DAL,20211026,106,116
DENUTA20211026,DEN,UTA,20211026,110,122
CHOORL20211027,CHO,ORL,20211027,120,111
WASBOS20211027,WAS,BOS,20211027,116,107
MIABRK20211027,MIA,BRK,20211027,106,93
INDTOR20211027,IND,TOR,20211027,100,118
ATLNOP20211027,ATL,NOP,20211027,102,99
MINMIL20211027,MIN,MIL,20211027,113,108
LALOKC20211027,LAL,OKC,20211027,115,123
SACPHO20211027,SAC,PHO,20211027,110,107
MEMPOR20211027,MEM,POR,20211027,96,116
CLELAC20211027,CLE,LAC,20211027,92,79
ATLWAS20211028,ATL,WAS,20211028,111,122
DETPHI20211028,DET,PHI,20211028,102,110
UTAHOU20211028,UTA,HOU,20211028,122,91
NYKCHI20211028,NYK,CHI,20211028,104,103
SASDAL20211028,SAS,DAL,20211028,99,104
MEMGSW20211028,MEM,GSW,20211028,104,101
ORLTOR20211029,ORL,TOR,20211029,109,110
CHOMIA20211029,CHO,MIA,20211029,99,114
INDBRK20211029,IND,BRK,20211029,98,105
SACNOP20211029,SAC,NOP,20211029,113,109
DALDEN20211029,DAL,DEN,20211029,75,106
LACPOR20211029,LAC,POR,20211029,92,111
CLELAL20211029,CLE,LAL,20211029,101,113
BOSWAS20211030,BOS,WAS,20211030,112,115
ORLDET20211030,ORL,DET,20211030,103,110
NYKNOP20211030,NYK,NOP,20211030,123,117
TORIND20211030,TOR,IND,20211030,97,94
ATLPHI20211030,ATL,PHI,20211030,94,122
UTACHI20211030,UTA,CHI,20211030,99,107
MIAMEM20211030,MIA,MEM,20211030,129,103
SASMIL20211030,SAS,MIL,20211030,102,93
OKCGSW20211030,OKC,GSW,20211030,82,103
DENMIN20211030,DEN,MIN,20211030,93,91
CLEPHO20211030,CLE,PHO,20211030,92,101
SACDAL20211031,SAC,DAL,20211031,99,105
PORCHO20211031,POR,CHO,20211031,113,125
UTAMIL20211031,UTA,MIL,20211031,107,95
DETBRK20211031,DET,BRK,20211031,91,117
HOULAL20211031,HOU,LAL,20211031,85,95
CLECHO20211101,CLE,CHO,20211101,113,110
SASIND20211101,SAS,IND,20211101,118,131
PORPHI20211101,POR,PHI,20211101,103,113
WASATL20211101,WAS,ATL,20211101,111,118
CHIBOS20211101,CHI,BOS,20211101,128,114
TORNYK20211101,TOR,NYK,20211101,113,104
DENMEM20211101,DEN,MEM,20211101,97,106
ORLMIN20211101,ORL,MIN,20211101,115,97
OKCLAC20211101,OKC,LAC,20211101,94,99
MILDET20211102,MIL,DET,20211102,117,89
MIADAL20211102,MIA,DAL,20211102,125,110
SACUTA20211102,SAC,UTA,20211102,113,119
NOPPHO20211102,NOP,PHO,20211102,100,112
HOULAL20211102,HOU,LAL,20211102,117,119
PORCLE20211103,POR,CLE,20211103,104,107
NYKIND20211103,NYK,IND,20211103,98,111
BOSORL20211103,BOS,ORL,20211103,92,79
CHIPHI20211103,CHI,PHI,20211103,98,103
TORWAS20211103,TOR,WAS,20211103,109,100
ATLBRK20211103,ATL,BRK,20211103,108,117
DENMEM20211103,DEN,MEM,20211103,106,108
LACMIN20211103,LAC,MIN,20211103,126,115
DALSAS20211103,DAL,SAS,20211103,109,108
CHOGSW20211103,CHO,GSW,20211103,92,114
NOPSAC20211103,NOP,SAC,20211103,99,112
PHIDET20211104,PHI,DET,20211104,109,98
UTAATL20211104,UTA,ATL,20211104,116,98
BOSMIA20211104,BOS,MIA,20211104,95,78
HOUPHO20211104,HOU,PHO,20211104,111,123
OKCLAL20211104,OKC,LAL,20211104,107,104
BRKDET20211105,BRK,DET,20211105,96,90
SASORL20211105,SAS,ORL,20211105,102,89
MEMWAS20211105,MEM,WAS,20211105,87,115
NYKMIL20211105,NYK,MIL,20211105,113,98
CLETOR20211105,CLE,TOR,20211105,102,101
LACMIN20211105,LAC,MIN,20211105,104,84
NOPGSW20211105,NOP,GSW,20211105,85,126
INDPOR20211105,IND,POR,20211105,106,110
CHOSAC20211105,CHO,SAC,20211105,110,140
HOUDEN20211106,HOU,DEN,20211106,94,95
UTAMIA20211106,UTA,MIA,20211106,115,118
PHICHI20211106,PHI,CHI,20211106,114,105
BOSDAL20211106,BOS,DAL,20211106,104,107
ATLPHO20211106,ATL,PHO,20211106,117,121
LALPOR20211106,LAL,POR,20211106,90,105
BRKTOR20211107,BRK,TOR,20211107,116,103
CLENYK20211107,CLE,NYK,20211107,126,109
UTAORL20211107,UTA,ORL,20211107,100,107
INDSAC20211107,IND,SAC,20211107,94,91
MILWAS20211107,MIL,WAS,20211107,94,101
SASOKC20211107,SAS,OKC,20211107,94,99
HOUGSW20211107,HOU,GSW,20211107,107,120
CHOLAC20211107,CHO,LAC,20211107,106,120
NYKPHI20211108,NYK,PHI,20211108,103,96
BRKCHI20211108,BRK,CHI,20211108,95,118
MINMEM20211108,MIN,MEM,20211108,118,125
NOPDAL20211108,NOP,DAL,20211108,92,108
MIADEN20211108,MIA,DEN,20211108,96,113
ATLGSW20211108,ATL,GSW,20211108,113,127
PHOSAC20211108,PHO,SAC,20211108,109,104
CHOLAL20211108,CHO,LAL,20211108,123,126
MILPHI20211109,MIL,PHI,20211109,118,109
ATLUTA20211109,ATL,UTA,20211109,98,110
PORLAC20211109,POR,LAC,20211109,109,117
WASCLE20211110,WAS,CLE,20211110,97,94
BRKORL20211110,BRK,ORL,20211110,123,90
TORBOS20211110,TOR,BOS,20211110,88,104
DETHOU20211110,DET,HOU,20211110,112,104
MILNYK20211110,MIL,NYK,20211110,112,100
DALCHI20211110,DAL,CHI,20211110,107,117
CHOMEM20211110,CHO,MEM,20211110,118,108
OKCNOP20211110,OKC,NOP,20211110,108,100
SACSAS20211110,SAC,SAS,20211110,117,136
INDDEN20211110,IND,DEN,20211110,98,101
PORPHO20211110,POR,PHO,20211110,109,119
MINGSW20211110,MIN,GSW,20211110,110,123
MIALAL20211110,MIA,LAL,20211110,117,120
TORPHI20211111,TOR,PHI,20211111,115,109
INDUTA20211111,IND,UTA,20211111,111,100
MIALAC20211111,MIA,LAC,20211111,109,112
NYKCHO20211112,NYK,CHO,20211112,96,104
MILBOS20211112,MIL,BOS,20211112,113,122
DETCLE20211112,DET,CLE,20211112,78,98
PORHOU20211112,POR,HOU,20211112,104,92
PHOMEM20211112,PHO,MEM,20211112,119,94
BRKNOP20211112,BRK,NOP,20211112,120,112
SACOKC20211112,SAC,OKC,20211112,103,105
DALSAS20211112,DAL,SAS,20211112,123,109
ATLDEN20211112,ATL,DEN,20211112,96,105
CHIGSW20211112,CHI,GSW,20211112,93,119
MINLAL20211112,MIN,LAL,20211112,107,83
MIAUTA20211113,MIA,UTA,20211113,111,105
PHIIND20211113,PHI,IND,20211113,113,118
MEMNOP20211113,MEM,NOP,20211113,101,112
WASORL20211113,WAS,ORL,20211113,104,92
DETTOR20211113,DET,TOR,20211113,127,121
BOSCLE20211113,BOS,CLE,20211113,89,91
MINLAC20211113,MIN,LAC,20211113,102,129
SASLAL20211114,SAS,LAL,20211114,106,114
MILATL20211114,MIL,ATL,20211114,100,120
GSWCHO20211114,GSW,CHO,20211114,102,106
PHOHOU20211114,PHO,HOU,20211114,115,89
BRKOKC20211114,BRK,OKC,20211114,120,96
PORDEN20211114,POR,DEN,20211114,95,124
CHILAC20211114,CHI,LAC,20211114,100,90
BOSCLE20211115,BOS,CLE,20211115,98,92
SACDET20211115,SAC,DET,20211115,129,107
NOPWAS20211115,NOP,WAS,20211115,100,105
ORLATL20211115,ORL,ATL,20211115,111,129
INDNYK20211115,IND,NYK,20211115,84,92
DENDAL20211115,DEN,DAL,20211115,101,111
HOUMEM20211115,HOU,MEM,20211115,102,136
PHOMIN20211115,PHO,MIN,20211115,99,96
MIAOKC20211115,MIA,OKC,20211115,103,90
TORPOR20211115,TOR,POR,20211115,113,118
CHILAL20211115,CHI,LAL,20211115,121,103
GSWBRK20211116,GSW,BRK,20211116,117,99
PHIUTA20211116,PHI,UTA,20211116,85,120
SASLAC20211116,SAS,LAC,20211116,92,106
WASCHO20211117,WAS,CHO,20211117,87,97
INDDET20211117,IND,DET,20211117,89,97
BOSATL20211117,BOS,ATL,20211117,99,110
CLEBRK20211117,CLE,BRK,20211117,99,109
NOPMIA20211117,NOP,MIA,20211117,98,113
LALMIL20211117,LAL,MIL,20211117,102,109
ORLNYK20211117,ORL,NYK,20211117,104,98
SACMIN20211117,SAC,MIN,20211117,97,107
HOUOKC20211117,HOU,OKC,20211117,89,101
DALPHO20211117,DAL,PHO,20211117,98,105
CHIPOR20211117,CHI,POR,20211117,107,112
GSWCLE20211118,GSW,CLE,20211118,104,89
WASMIA20211118,WAS,MIA,20211118,97,112
LACMEM20211118,LAC,MEM,20211118,108,120
SASMIN20211118,SAS,MIN,20211118,90,115
PHIDEN20211118,PHI,DEN,20211118,103,89
TORUTA20211118,TOR,UTA,20211118,103,119
INDCHO20211119,IND,CHO,20211119,118,121
GSWDET20211119,GSW,DET,20211119,105,102
LALBOS20211119,LAL,BOS,20211119,108,130
ORLBRK20211119,ORL,BRK,20211119,113,115
OKCMIL20211119,OKC,MIL,20211119,89,96
LACNOP20211119,LAC,NOP,20211119,81,94
CHIDEN20211119,CHI,DEN,20211119,114,108
DALPHO20211119,DAL,PHO,20211119,104,112
TORSAC20211119,TOR,SAC,20211119,108,89
HOUNYK20211120,HOU,NYK,20211120,99,106
NOPIND20211120,NOP,IND,20211120,94,111
MIAWAS20211120,MIA,WAS,20211120,100,103
CHOATL20211120,CHO,ATL,20211120,105,115
OKCBOS20211120,OKC,BOS,20211120,105,111
ORLMIL20211120,ORL,MIL,20211120,108,117
MEMMIN20211120,MEM,MIN,20211120,95,138
PHIPOR20211120,PHI,POR,20211120,111,118
UTASAC20211120,UTA,SAC,20211120,123,105
DALLAC20211121,DAL,LAC,20211121,91,97
LALDET20211121,LAL,DET,20211121,121,116
NYKCHI20211121,NYK,CHI,20211121,103,109
DENPHO20211121,DEN,PHO,20211121,97,126
TORGSW20211121,TOR,GSW,20211121,104,119
BRKCLE20211122,BRK,CLE,20211122,117,112
CHOWAS20211122,CHO,WAS,20211122,109,103
OKCATL20211122,OKC,ATL,20211122,101,113
HOUBOS20211122,HOU,BOS,20211122,90,108
INDCHI20211122,IND,CHI,20211122,109,77
ORLMIL20211122,ORL,MIL,20211122,92,123
MINNOP20211122,MIN,NOP,20211122,110,96
PHOSAS20211122,PHO,SAS,20211122,115,111
MEMUTA20211122,MEM,UTA,20211122,119,118
PHISAC20211122,PHI,SAC,20211122,102,94
MIADET20211123,MIA,DET,20211123,100,92
LALNYK20211123,LAL,NYK,20211123,100,106
DENPOR20211123,DEN,POR,20211123,100,119
DALLAC20211123,DAL,LAC,20211123,112,104
PHOCLE20211124,PHO,CLE,20211124,120,115
LALIND20211124,LAL,IND,20211124,124,116
CHOORL20211124,CHO,ORL,20211124,106,99
BRKBOS20211124,BRK,BOS,20211124,123,104
CHIHOU20211124,CHI,HOU,20211124,113,118
TORMEM20211124,TOR,MEM,20211124,126,113
DETMIL20211124,DET,MIL,20211124,93,114
MIAMIN20211124,MIA,MIN,20211124,101,113
WASNOP20211124,WAS,NOP,20211124,102,127
UTAOKC20211124,UTA,OKC,20211124,110,104
ATLSAS20211124,ATL,SAS,20211124,124,106
PHIGSW20211124,PHI,GSW,20211124,96,116
PORSAC20211124,POR,SAC,20211124,121,125
DETLAC20211126,DET,LAC,20211126,96,107
MINCHO20211126,MIN,CHO,20211126,115,133
PHONYK20211126,PHO,NYK,20211126,118,97
CHIORL20211126,CHI,ORL,20211126,123,88
TORIND20211126,TOR,IND,20211126,97,114
ATLMEM20211126,ATL,MEM,20211126,132,100
WASOKC20211126,WAS,OKC,20211126,101,99
BOSSAS20211126,BOS,SAS,20211126,88,96
MILDEN20211126,MIL,DEN,20211126,120,109
NOPUTA20211126,NOP,UTA,20211126,98,97
PORGSW20211126,POR,GSW,20211126,103,118
SACLAL20211126,SAC,LAL,20211126,141,137
MINPHI20211127,MIN,PHI,20211127,121,120
NYKATL20211127,NYK,ATL,20211127,99,90
PHOBRK20211127,PHO,BRK,20211127,113,107
MIACHI20211127,MIA,CHI,20211127,107,104
ORLCLE20211127,ORL,CLE,20211127,92,105
CHOHOU20211127,CHO,HOU,20211127,143,146
WASDAL20211127,WAS,DAL,20211127,120,114
NOPUTA20211127,NOP,UTA,20211127,105,127
GSWLAC20211128,GSW,LAC,20211128,105,90
MILIND20211128,MIL,IND,20211128,118,100
SACMEM20211128,SAC,MEM,20211128,101,128
BOSTOR20211128,BOS,TOR,20211128,109,97
DETLAL20211128,DET,LAL,20211128,106,110
ORLPHI20211129,ORL,PHI,20211129,96,101
DENMIA20211129,DEN,MIA,20211129,120,111
CHOCHI20211129,CHO,CHI,20211129,119,133
OKCHOU20211129,OKC,HOU,20211129,89,102
INDMIN20211129,IND,MIN,20211129,98,100
CLEDAL20211129,CLE,DAL,20211129,114,96
WASSAS20211129,WAS,SAS,20211129,99,116
PORUTA20211129,POR,UTA,20211129,107,129
NOPLAC20211129,NOP,LAC,20211129,123,104
NYKBRK20211130,NYK,BRK,20211130,110,112
MEMTOR20211130,MEM,TOR,20211130,98,91
GSWPHO20211130,GSW,PHO,20211130,96,104
DETPOR20211130,DET,POR,20211130,92,110
LALSAC20211130,LAL,SAC,20211130,117,92
ATLIND20211201,ATL,IND,20211201,114,111
DENORL20211201,DEN,ORL,20211201,103,108
MINWAS20211201,MIN,WAS,20211201,107,115
PHIBOS20211201,PHI,BOS,20211201,87,88
CLEMIA20211201,CLE,MIA,20211201,111,85
CHOMIL20211201,CHO,MIL,20211201,125,127
DALNOP20211201,DAL,NOP,20211201,139,107
HOUOKC20211201,HOU,OKC,20211201,114,110
SACLAC20211201,SAC,LAC,20211201,124,115
CHINYK20211202,CHI,NYK,20211202,119,115
MILTOR20211202,MIL,TOR,20211202,93,97
OKCMEM20211202,OKC,MEM,20211202,79,152
DETPHO20211202,DET,PHO,20211202,103,114
SASPOR20211202,SAS,POR,20211202,114,83
MIAIND20211203,MIA,IND,20211203,113,104
CLEWAS20211203,CLE,WAS,20211203,116,101
PHIATL20211203,PHI,ATL,20211203,98,96
MINBRK20211203,MIN,BRK,20211203,105,110
ORLHOU20211203,ORL,HOU,20211203,116,118
NOPDAL20211203,NOP,DAL,20211203,107,91
BOSUTA20211203,BOS,UTA,20211203,130,137
PHOGSW20211203,PHO,GSW,20211203,96,118
LACLAL20211203,LAC,LAL,20211203,119,115
DENNYK20211204,DEN,NYK,20211204,113,99
CHIBRK20211204,CHI,BRK,20211204,111,107
MIAMIL20211204,MIA,MIL,20211204,102,124
MEMDAL20211204,MEM,DAL,20211204,97,90
SASGSW20211204,SAS,GSW,20211204,112,107
BOSPOR20211204,BOS,POR,20211204,145,117
LACSAC20211204,LAC,SAC,20211204,99,104
UTACLE20211205,UTA,CLE,20211205,109,108
CHOATL20211205,CHO,ATL,20211205,130,127
WASTOR20211205,WAS,TOR,20211205,90,102
NOPHOU20211205,NOP,HOU,20211205,108,118
PHICHO20211206,PHI,CHO,20211206,127,124
OKCDET20211206,OKC,DET,20211206,114,103
WASIND20211206,WAS,IND,20211206,110,116
MEMMIA20211206,MEM,MIA,20211206,105,90
DENCHI20211206,DEN,CHI,20211206,97,109
CLEMIL20211206,CLE,MIL,20211206,104,112
ATLMIN20211206,ATL,MIN,20211206,121,110
SASPHO20211206,SAS,PHO,20211206,104,108
ORLGSW20211206,ORL,GSW,20211206,95,126
LACPOR20211206,LAC,POR,20211206,102,90
BRKDAL20211207,BRK,DAL,20211207,102,99
NYKSAS20211207,NYK,SAS,20211207,121,109
BOSLAL20211207,BOS,LAL,20211207,102,117
PHICHO20211208,PHI,CHO,20211208,110,106
CHICLE20211208,CHI,CLE,20211208,92,115
WASDET20211208,WAS,DET,20211208,119,116
NYKIND20211208,NYK,IND,20211208,102,122
MILMIA20211208,MIL,MIA,20211208,104,113
OKCTOR20211208,OKC,TOR,20211208,110,109
BRKHOU20211208,BRK,HOU,20211208,104,114
DALMEM20211208,DAL,MEM,20211208,104,96
UTAMIN20211208,UTA,MIN,20211208,136,104
DENNOP20211208,DEN,NOP,20211208,120,114
PORGSW20211208,POR,GSW,20211208,94,104
ORLSAC20211208,ORL,SAC,20211208,130,142
BOSLAC20211208,BOS,LAC,20211208,111,114
UTAPHI20211209,UTA,PHI,20211209,118,96
LALMEM20211209,LAL,MEM,20211209,95,108
DENSAS20211209,DEN,SAS,20211209,111,123
SACCHO20211210,SAC,CHO,20211210,123,124
DALIND20211210,DAL,IND,20211210,93,106
BRKATL20211210,BRK,ATL,20211210,113,105
NYKTOR20211210,NYK,TOR,20211210,87,90
MILHOU20211210,MIL,HOU,20211210,123,114
CLEMIN20211210,CLE,MIN,20211210,123,106
DETNOP20211210,DET,NOP,20211210,93,109
LALOKC20211210,LAL,OKC,20211210,116,95
BOSPHO20211210,BOS,PHO,20211210,90,111
ORLLAC20211211,ORL,LAC,20211211,104,106
UTAWAS20211211,UTA,WAS,20211211,123,98
SACCLE20211211,SAC,CLE,20211211,103,117
HOUMEM20211211,HOU,MEM,20211211,106,113
CHIMIA20211211,CHI,MIA,20211211,92,118
GSWPHI20211211,GSW,PHI,20211211,93,102
DENSAS20211211,DEN,SAS,20211211,127,112
MILNYK20211212,MIL,NYK,20211212,112,97
BRKDET20211212,BRK,DET,20211212,116,104
DALOKC20211212,DAL,OKC,20211212,103,84
NOPSAS20211212,NOP,SAS,20211212,97,112
MINPOR20211212,MIN,POR,20211212,116,111
ORLLAL20211212,ORL,LAL,20211212,94,106
MIACLE20211213,MIA,CLE,20211213,94,105
GSWIND20211213,GSW,IND,20211213,102,100
SACTOR20211213,SAC,TOR,20211213,101,124
HOUATL20211213,HOU,ATL,20211213,132,126
MILBOS20211213,MIL,BOS,20211213,103,117
PHIMEM20211213,PHI,MEM,20211213,91,126
CHODAL20211213,CHO,DAL,20211213,96,120
WASDEN20211213,WAS,DEN,20211213,107,113
PHOLAC20211213,PHO,LAC,20211213,95,111
TORBRK20211214,TOR,BRK,20211214,129,131
GSWNYK20211214,GSW,NYK,20211214,105,96
PHOPOR20211214,PHO,POR,20211214,111,107
HOUCLE20211215,HOU,CLE,20211215,89,124
ATLORL20211215,ATL,ORL,20211215,111,99
MIAPHI20211215,MIA,PHI,20211215,101,96
LALDAL20211215,LAL,DAL,20211215,107,104
INDMIL20211215,IND,MIL,20211215,99,114
NOPOKC20211215,NOP,OKC,20211215,113,110
CHOSAS20211215,CHO,SAS,20211215,131,115
MINDEN20211215,MIN,DEN,20211215,124,107
MEMPOR20211215,MEM,POR,20211215,113,103
WASSAC20211215,WAS,SAC,20211215,105,119
LACUTA20211215,LAC,UTA,20211215,103,124
DETIND20211216,DET,IND,20211216,113,122
PHIBRK20211216,PHI,BRK,20211216,105,114
NYKHOU20211216,NYK,HOU,20211216,116,103
WASPHO20211216,WAS,PHO,20211216,98,118
MIAORL20211217,MIA,ORL,20211217,115,105
DENATL20211217,DEN,ATL,20211217,133,115
GSWBOS20211217,GSW,BOS,20211217,111,107
MILNOP20211217,MIL,NOP,20211217,112,116
SASUTA20211217,SAS,UTA,20211217,128,126
LALMIN20211217,LAL,MIN,20211217,92,110
CHOPOR20211217,CHO,POR,20211217,116,125
MEMSAC20211217,MEM,SAC,20211217,124,105
HOUDET20211218,HOU,DET,20211218,116,107
NYKBOS20211218,NYK,BOS,20211218,107,114
ORLBRK20211218,ORL,BRK,20211218,100,93
GSWTOR20211218,GSW,TOR,20211218,100,119
LACOKC20211218,LAC,OKC,20211218,103,104
CLEMIL20211218,CLE,MIL,20211218,119,90
WASUTA20211218,WAS,UTA,20211218,109,103
MIADET20211219,MIA,DET,20211219,90,100
PORMEM20211219,POR,MEM,20211219,105,100
SASSAC20211219,SAS,SAC,20211219,114,121
LALCHI20211219,LAL,CHI,20211219,110,115
DALMIN20211219,DAL,MIN,20211219,105,111
CHOPHO20211219,CHO,PHO,20211219,106,137
PHIBOS20211220,PHI,BOS,20211220,108,103
HOUCHI20211220,HOU,CHI,20211220,118,133
OKCMEM20211220,OKC,MEM,20211220,102,99
CHOUTA20211220,CHO,UTA,20211220,102,112
SACGSW20211220,SAC,GSW,20211220,98,113
SASLAC20211220,SAS,LAC,20211220,116,92
INDMIA20211221,IND,MIA,20211221,96,125
DETNYK20211221,DET,NYK,20211221,91,105
PORNOP20211221,POR,NOP,20211221,97,111
MINDAL20211221,MIN,DAL,20211221,102,114
PHOLAL20211221,PHO,LAL,20211221,108,90
ORLATL20211222,ORL,ATL,20211222,104,98
CLEBOS20211222,CLE,BOS,20211222,101,111
HOUMIL20211222,HOU,MIL,20211222,106,126
DENOKC20211222,DEN,OKC,20211222,94,108
LACSAC20211222,LAC,SAC,20211222,105,89
HOUIND20211223,HOU,IND,20211223,106,118
NOPORL20211223,NOP,ORL,20211223,110,104
ATLPHI20211223,ATL,PHI,20211223,98,96
DETMIA20211223,DET,MIA,20211223,112,115
WASNYK20211223,WAS,NYK,20211223,124,117
MILDAL20211223,MIL,DAL,20211223,102,95
CHODEN20211223,CHO,DEN,20211223,115,107
OKCPHO20211223,OKC,PHO,20211223,101,113
MINUTA20211223,MIN,UTA,20211223,116,128
MEMGSW20211223,MEM,GSW,20211223,104,113
SASLAL20211223,SAS,LAL,20211223,138,110
ATLNYK20211225,ATL,NYK,20211225,87,101
BOSMIL20211225,BOS,MIL,20211225,113,117
GSWPHO20211225,GSW,PHO,20211225,116,107
BRKLAL20211225,BRK,LAL,20211225,122,115
DALUTA20211225,DAL,UTA,20211225,116,120
ORLMIA20211226,ORL,MIA,20211226,83,93
TORCLE20211226,TOR,CLE,20211226,99,144
MEMSAC20211226,MEM,SAC,20211226,127,102
PHIWAS20211226,PHI,WAS,20211226,117,96
NOPOKC20211226,NOP,OKC,20211226,112,117
DETSAS20211226,DET,SAS,20211226,109,144
INDCHI20211226,IND,CHI,20211226,105,113
DENLAC20211226,DEN,LAC,20211226,103,100
HOUCHO20211227,HOU,CHO,20211227,99,123
CHIATL20211227,CHI,ATL,20211227,130,118
BOSMIN20211227,BOS,MIN,20211227,103,108
UTASAS20211227,UTA,SAS,20211227,110,104
MEMPHO20211227,MEM,PHO,20211227,114,113
DALPOR20211227,DAL,POR,20211227,132,117
BRKLAC20211227,BRK,LAC,20211227,124,108
MILORL20211228,MIL,ORL,20211228,127,110
WASMIA20211228,WAS,MIA,20211228,112,119
PHITOR20211228,PHI,TOR,20211228,114,109
LALHOU20211228,LAL,HOU,20211228,132,123
NYKMIN20211228,NYK,MIN,20211228,96,88
CLENOP20211228,CLE,NOP,20211228,104,108
DENGSW20211228,DEN,GSW,20211228,89,86
OKCSAC20211228,OKC,SAC,20211228,111,117
NYKDET20211229,NYK,DET,20211229,94,85
CHOIND20211229,CHO,IND,20211229,116,108
LACBOS20211229,LAC,BOS,20211229,91,82
ATLCHI20211229,ATL,CHI,20211229,117,131
LALMEM20211229,LAL,MEM,20211229,99,104
OKCPHO20211229,OKC,PHO,20211229,97,115
UTAPOR20211229,UTA,POR,20211229,120,105
DALSAC20211229,DAL,SAC,20211229,94,95
PHIBRK20211230,PHI,BRK,20211230,110,102
MILORL20211230,MIL,ORL,20211230,136,118
CLEWAS20211230,CLE,WAS,20211230,93,110
PHOBOS20211231,PHO,BOS,20211231,108,123
CHIIND20211231,CHI,IND,20211231,108,106
DALSAC20211231,DAL,SAC,20211231,112,96
MIAHOU20211231,MIA,HOU,20211231,120,110
ATLCLE20211231,ATL,CLE,20211231,121,118
LACTOR20211231,LAC,TOR,20211231,108,116
SASMEM20211231,SAS,MEM,20211231,105,118
NYKOKC20211231,NYK,OKC,20211231,80,95
MINUTA20211231,MIN,UTA,20211231,108,120
PORLAL20211231,POR,LAL,20211231,106,139
NOPMIL20220101,NOP,MIL,20220101,113,136
SASDET20220101,SAS,DET,20220101,116,117
CHIWAS20220101,CHI,WAS,20220101,120,119
LACBRK20220101,LAC,BRK,20220101,120,116
DENHOU20220101,DEN,HOU,20220101,124,111
GSWUTA20220101,GSW,UTA,20220101,123,116
NYKTOR20220102,NYK,TOR,20220102,105,120
ORLBOS20220102,ORL,BOS,20220102,111,116
INDCLE20220102,IND,CLE,20220102,104,108
MIASAC20220102,MIA,SAC,20220102,113,115
PHOCHO20220102,PHO,CHO,20220102,133,99
DALOKC20220102,DAL,OKC,20220102,95,86
MINLAL20220102,MIN,LAL,20220102,103,108
HOUPHI20220103,HOU,PHI,20220103,113,133
CHOWAS20220103,CHO,WAS,20220103,121,124
MEMBRK20220103,MEM,BRK,20220103,118,104
ORLCHI20220103,ORL,CHI,20220103,98,102
DETMIL20220103,DET,MIL,20220103,115,106
UTANOP20220103,UTA,NOP,20220103,115,104
DENDAL20220103,DEN,DAL,20220103,89,103
MIAGSW20220103,MIA,GSW,20220103,108,115
ATLPOR20220103,ATL,POR,20220103,131,136
MINLAC20220103,MIN,LAC,20220103,122,104
MEMCLE20220104,MEM,CLE,20220104,110,106
SASTOR20220104,SAS,TOR,20220104,104,129
INDNYK20220104,IND,NYK,20220104,94,104
PHONOP20220104,PHO,NOP,20220104,123,110
SACLAL20220104,SAC,LAL,20220104,114,122
DETCHO20220105,DET,CHO,20220105,111,140
PHIORL20220105,PHI,ORL,20220105,116,106
HOUWAS20220105,HOU,WAS,20220105,114,111
SASBOS20220105,SAS,BOS,20220105,99,97
GSWDAL20220105,GSW,DAL,20220105,82,99
BRKIND20220105,BRK,IND,20220105,129,121
TORMIL20220105,TOR,MIL,20220105,117,111
OKCMIN20220105,OKC,MIN,20220105,90,98
UTADEN20220105,UTA,DEN,20220105,115,109
MIAPOR20220105,MIA,POR,20220105,115,109
ATLSAC20220105,ATL,SAC,20220105,108,102
BOSNYK20220106,BOS,NYK,20220106,105,108
DETMEM20220106,DET,MEM,20220106,88,118
GSWNOP20220106,GSW,NOP,20220106,96,101
LACPHO20220106,LAC,PHO,20220106,89,106
SASPHI20220107,SAS,PHI,20220107,100,119
MILBRK20220107,MIL,BRK,20220107,121,109
UTATOR20220107,UTA,TOR,20220107,108,122
WASCHI20220107,WAS,CHI,20220107,122,130
DALHOU20220107,DAL,HOU,20220107,130,106
MINOKC20220107,MIN,OKC,20220107,135,105
SACDEN20220107,SAC,DEN,20220107,111,121
ATLLAL20220107,ATL,LAL,20220107,118,134
CLEPOR20220107,CLE,POR,20220107,114,101
MEMLAC20220108,MEM,LAC,20220108,123,108
MILCHO20220108,MIL,CHO,20220108,106,114
ORLDET20220108,ORL,DET,20220108,92,97
UTAIND20220108,UTA,IND,20220108,113,125
NYKBOS20220108,NYK,BOS,20220108,75,99
MIAPHO20220108,MIA,PHO,20220108,123,100
SASBRK20220109,SAS,BRK,20220109,119,121
ATLLAC20220109,ATL,LAC,20220109,93,106
WASORL20220109,WAS,ORL,20220109,102,100
NOPTOR20220109,NOP,TOR,20220109,101,105
MINHOU20220109,MIN,HOU,20220109,141,123
DENOKC20220109,DEN,OKC,20220109,99,95
CHIDAL20220109,CHI,DAL,20220109,99,113
CLEGSW20220109,CLE,GSW,20220109,82,96
SACPOR20220109,SAC,POR,20220109,88,103
MEMLAL20220109,MEM,LAL,20220109,127,119
MILCHO20220110,MIL,CHO,20220110,99,103
UTADET20220110,UTA,DET,20220110,116,126
INDBOS20220110,IND,BOS,20220110,98,101
SASNYK20220110,SAS,NYK,20220110,96,111
PHIHOU20220110,PHI,HOU,20220110,111,91
BRKPOR20220110,BRK,POR,20220110,108,114
CLESAC20220110,CLE,SAC,20220110,109,108
OKCWAS20220111,OKC,WAS,20220111,118,122
PHOTOR20220111,PHO,TOR,20220111,99,95
DETCHI20220111,DET,CHI,20220111,87,133
GSWMEM20220111,GSW,MEM,20220111,108,116
MINNOP20220111,MIN,NOP,20220111,125,128
DENLAC20220111,DEN,LAC,20220111,85,87
BOSIND20220112,BOS,IND,20220112,119,100
CHOPHI20220112,CHO,PHI,20220112,109,98
ORLWAS20220112,ORL,WAS,20220112,106,112
MIAATL20220112,MIA,ATL,20220112,115,91
DALNYK20220112,DAL,NYK,20220112,85,108
HOUSAS20220112,HOU,SAS,20220112,128,124
CLEUTA20220112,CLE,UTA,20220112,111,91
BRKCHI20220112,BRK,CHI,20220112,138,112
LALSAC20220112,LAL,SAC,20220112,116,125
GSWMIL20220113,GSW,MIL,20220113,99,118
MINMEM20220113,MIN,MEM,20220113,108,116
LACNOP20220113,LAC,NOP,20220113,89,113
OKCBRK20220113,OKC,BRK,20220113,130,109
PORDEN20220113,POR,DEN,20220113,108,140
ORLCHO20220114,ORL,CHO,20220114,116,109
TORDET20220114,TOR,DET,20220114,87,103
PHOIND20220114,PHO,IND,20220114,112,94
BOSPHI20220114,BOS,PHI,20220114,99,111
GSWCHI20220114,GSW,CHI,20220114,138,96
ATLMIA20220114,ATL,MIA,20220114,118,124
CLESAS20220114,CLE,SAS,20220114,114,109
DALMEM20220114,DAL,MEM,20220114,112,85
HOUSAC20220114,HOU,SAC,20220114,114,126
TORMIL20220115,TOR,MIL,20220115,103,96
PORWAS20220115,POR,WAS,20220115,115,110
NYKATL20220115,NYK,ATL,20220115,117,108
NOPBRK20220115,NOP,BRK,20220115,105,120
PHIMIA20220115,PHI,MIA,20220115,109,98
CLEOKC20220115,CLE,OKC,20220115,107,102
CHIBOS20220115,CHI,BOS,20220115,112,114
LACSAS20220115,LAC,SAS,20220115,94,101
LALDEN20220115,LAL,DEN,20220115,96,133
ORLDAL20220115,ORL,DAL,20220115,92,108
PHODET20220116,PHO,DET,20220116,135,108
HOUSAC20220116,HOU,SAC,20220116,118,112
UTADEN20220116,UTA,DEN,20220116,125,102
GSWMIN20220116,GSW,MIN,20220116,99,119
NOPBOS20220117,NOP,BOS,20220117,92,104
CHONYK20220117,CHO,NYK,20220117,97,87
PHIWAS20220117,PHI,WAS,20220117,98,117
BRKCLE20220117,BRK,CLE,20220117,107,114
INDLAC20220117,IND,LAC,20220117,133,139
CHIMEM20220117,CHI,MEM,20220117,106,119
MILATL20220117,MIL,ATL,20220117,114,121
PORORL20220117,POR,ORL,20220117,98,88
TORMIA20220117,TOR,MIA,20220117,99,104
OKCDAL20220117,OKC,DAL,20220117,102,104
PHOSAS20220117,PHO,SAS,20220117,121,107
UTALAL20220117,UTA,LAL,20220117,95,101
MINNYK20220118,MIN,NYK,20220118,112,110
DETGSW20220118,DET,GSW,20220118,86,102
ORLPHI20220119,ORL,PHI,20220119,110,123
BRKWAS20220119,BRK,WAS,20220119,119,118
MINATL20220119,MIN,ATL,20220119,122,134
CHOBOS20220119,CHO,BOS,20220119,111,102
PORMIA20220119,POR,MIA,20220119,92,104
CLECHI20220119,CLE,CHI,20220119,104,117
MEMMIL20220119,MEM,MIL,20220119,114,126
TORDAL20220119,TOR,DAL,20220119,98,102
OKCSAS20220119,OKC,SAS,20220119,96,118
HOUUTA20220119,HOU,UTA,20220119,116,111
LACDEN20220119,LAC,DEN,20220119,128,130
DETSAC20220119,DET,SAC,20220119,133,131
INDLAL20220119,IND,LAL,20220119,111,104
PHODAL20220120,PHO,DAL,20220120,109,101
NOPNYK20220120,NOP,NYK,20220120,102,91
INDGSW20220120,IND,GSW,20220120,121,117
OKCCHO20220121,OKC,CHO,20220121,98,121
LALORL20220121,LAL,ORL,20220121,116,105
LACPHI20220121,LAC,PHI,20220121,102,101
MIAATL20220121,MIA,ATL,20220121,108,110
PORBOS20220121,POR,BOS,20220121,109,105
CHIMIL20220121,CHI,MIL,20220121,90,94
TORWAS20220121,TOR,WAS,20220121,109,105
BRKSAS20220121,BRK,SAS,20220121,117,102
MEMDEN20220121,MEM,DEN,20220121,122,118
DETUTA20220121,DET,UTA,20220121,101,111
HOUGSW20220121,HOU,GSW,20220121,103,105
SACMIL20220122,SAC,MIL,20220122,127,133
OKCCLE20220122,OKC,CLE,20220122,87,94
INDPHO20220122,IND,PHO,20220122,103,113
LACNYK20220123,LAC,NYK,20220123,102,110
BOSWAS20220123,BOS,WAS,20220123,116,87
LALMIA20220123,LAL,MIA,20220123,107,113
CHIORL20220123,CHI,ORL,20220123,95,114
PORTOR20220123,POR,TOR,20220123,114,105
ATLCHO20220123,ATL,CHO,20220123,113,91
PHISAS20220123,PHI,SAS,20220123,115,109
MEMDAL20220123,MEM,DAL,20220123,91,104
DETDEN20220123,DET,DEN,20220123,111,117
BRKMIN20220123,BRK,MIN,20220123,125,136
UTAGSW20220123,UTA,GSW,20220123,92,94
NYKCLE20220124,NYK,CLE,20220124,93,95
INDNOP20220124,IND,NOP,20220124,113,117
CHIOKC20220124,CHI,OKC,20220124,111,110
UTAPHO20220124,UTA,PHO,20220124,109,115
DENDET20220125,DEN,DET,20220125,110,105
NOPPHI20220125,NOP,PHI,20220125,107,117
CHOTOR20220125,CHO,TOR,20220125,113,125
LACWAS20220125,LAC,WAS,20220125,116,115
SACBOS20220125,SAC,BOS,20220125,75,128
LALBRK20220125,LAL,BRK,20220125,106,96
SASHOU20220125,SAS,HOU,20220125,134,104
DALGSW20220125,DAL,GSW,20220125,92,130
MINPOR20220125,MIN,POR,20220125,109,107
MILCLE20220126,MIL,CLE,20220126,99,115
CHOIND20220126,CHO,IND,20220126,158,126
LACORL20220126,LAC,ORL,20220126,111,102
SACATL20220126,SAC,ATL,20220126,104,121
NYKMIA20220126,NYK,MIA,20220126,96,110
DENBRK20220126,DEN,BRK,20220126,124,118
TORCHI20220126,TOR,CHI,20220126,105,111
MEMSAS20220126,MEM,SAS,20220126,118,110
DALPOR20220126,DAL,POR,20220126,132,112
PHOUTA20220126,PHO,UTA,20220126,105,97
LALPHI20220127,LAL,PHI,20220127,87,105
MINGSW20220127,MIN,GSW,20220127,115,124
DETORL20220128,DET,ORL,20220128,103,119
BOSATL20220128,BOS,ATL,20220128,92,108
LALCHO20220128,LAL,CHO,20220128,114,117
PORHOU20220128,POR,HOU,20220128,125,110
UTAMEM20220128,UTA,MEM,20220128,109,119
LACMIA20220128,LAC,MIA,20220128,114,121
DENNOP20220128,DEN,NOP,20220128,116,105
INDOKC20220128,IND,OKC,20220128,113,110
CHISAS20220128,CHI,SAS,20220128,122,131
MINPHO20220128,MIN,PHO,20220128,124,134
NYKMIL20220128,NYK,MIL,20220128,108,123
INDDAL20220129,IND,DAL,20220129,105,132
BOSNOP20220129,BOS,NOP,20220129,107,97
SACPHI20220129,SAC,PHI,20220129,101,103
WASMEM20220129,WAS,MEM,20220129,95,115
TORMIA20220129,TOR,MIA,20220129,124,120
BRKGSW20220129,BRK,GSW,20220129,106,110
LALATL20220130,LAL,ATL,20220130,121,129
LACCHO20220130,LAC,CHO,20220130,115,90
PORCHI20220130,POR,CHI,20220130,116,130
CLEDET20220130,CLE,DET,20220130,105,115
DENMIL20220130,DEN,MIL,20220130,136,100
DALORL20220130,DAL,ORL,20220130,108,110
UTAMIN20220130,UTA,MIN,20220130,106,126
SASPHO20220130,SAS,PHO,20220130,110,115
NOPCLE20220131,NOP,CLE,20220131,90,93
LACIND20220131,LAC,IND,20220131,116,122
MEMPHI20220131,MEM,PHI,20220131,119,122
TORATL20220131,TOR,ATL,20220131,106,100
MIABOS20220131,MIA,BOS,20220131,92,122
SACNYK20220131,SAC,NYK,20220131,96,116
GSWHOU20220131,GSW,HOU,20220131,122,108
POROKC20220131,POR,OKC,20220131,81,98
NOPDET20220201,NOP,DET,20220201,111,101
WASMIL20220201,WAS,MIL,20220201,98,112
MIATOR20220201,MIA,TOR,20220201,106,110
ORLCHI20220201,ORL,CHI,20220201,115,126
DENMIN20220201,DEN,MIN,20220201,115,130
GSWSAS20220201,GSW,SAS,20220201,124,120
BRKPHO20220201,BRK,PHO,20220201,111,121
ORLIND20220202,ORL,IND,20220202,119,118
WASPHI20220202,WAS,PHI,20220202,106,103
CHOBOS20220202,CHO,BOS,20220202,107,113
MEMNYK20220202,MEM,NYK,20220202,120,108
CLEHOU20220202,CLE,HOU,20220202,104,115
OKCDAL20220202,OKC,DAL,20220202,120,114
BRKSAC20220202,BRK,SAC,20220202,101,112
DENUTA20220202,DEN,UTA,20220202,104,108
PORLAL20220202,POR,LAL,20220202,94,99
MINDET20220203,MIN,DET,20220203,128,117
MIASAS20220203,MIA,SAS,20220203,112,95
PHOATL20220203,PHO,ATL,20220203,115,124
CHITOR20220203,CHI,TOR,20220203,120,127
SACGSW20220203,SAC,GSW,20220203,114,126
LALLAC20220203,LAL,LAC,20220203,110,111
CLECHO20220204,CLE,CHO,20220204,102,101
BOSDET20220204,BOS,DET,20220204,102,93
CHIIND20220204,CHI,IND,20220204,122,115
ATLTOR20220204,ATL,TOR,20220204,114,125
HOUSAS20220204,HOU,SAS,20220204,106,131
NOPDEN20220204,NOP,DEN,20220204,113,105
BRKUTA20220204,BRK,UTA,20220204,102,125
PHIDAL20220204,PHI,DAL,20220204,98,107
OKCPOR20220204,OKC,POR,20220204,96,93
MEMORL20220205,MEM,ORL,20220205,135,115
MIACHO20220205,MIA,CHO,20220205,104,86
PHOWAS20220205,PHO,WAS,20220205,95,80
NYKLAL20220205,NYK,LAL,20220205,115,122
MILPOR20220205,MIL,POR,20220205,137,108
OKCSAC20220205,OKC,SAC,20220205,103,113
PHICHI20220206,PHI,CHI,20220206,119,108
BRKDEN20220206,BRK,DEN,20220206,104,124
DETMIN20220206,DET,MIN,20220206,105,118
INDCLE20220206,IND,CLE,20220206,85,98
ATLDAL20220206,ATL,DAL,20220206,94,103
BOSORL20220206,BOS,ORL,20220206,116,83
NOPHOU20220206,NOP,HOU,20220206,120,107
MILLAC20220206,MIL,LAC,20220206,137,113
TORCHO20220207,TOR,CHO,20220207,116,101
MIAWAS20220207,MIA,WAS,20220207,121,100
PHOCHI20220207,PHO,CHI,20220207,127,124
GSWOKC20220207,GSW,OKC,20220207,110,98
NYKUTA20220207,NYK,UTA,20220207,104,113
PHOPHI20220208,PHO,PHI,20220208,114,109
INDATL20220208,IND,ATL,20220208,112,133
BOSBRK20220208,BOS,BRK,20220208,126,91
LACMEM20220208,LAC,MEM,20220208,109,135
HOUNOP20220208,HOU,NOP,20220208,97,110
DETDAL20220208,DET,DAL,20220208,86,116
NYKDEN20220208,NYK,DEN,20220208,115,132
MILLAL20220208,MIL,LAL,20220208,131,116
ORLPOR20220208,ORL,POR,20220208,113,95
MINSAC20220208,MIN,SAC,20220208,134,114
SASCLE20220209,SAS,CLE,20220209,92,105
CHICHO20220209,CHI,CHO,20220209,121,109
TOROKC20220209,TOR,OKC,20220209,117,98
LALPOR20220209,LAL,POR,20220209,105,107
MINSAC20220209,MIN,SAC,20220209,119,132
GSWUTA20220209,GSW,UTA,20220209,85,111
MEMDET20220210,MEM,DET,20220210,132,107
MIANOP20220210,MIA,NOP,20220210,112,97
BRKWAS20220210,BRK,WAS,20220210,112,113
TORHOU20220210,TOR,HOU,20220210,139,120
LACDAL20220210,LAC,DAL,20220210,105,112
NYKGSW20220210,NYK,GSW,20220210,116,114
MILPHO20220210,MIL,PHO,20220210,107,131
CHODET20220211,CHO,DET,20220211,141,119
CLEIND20220211,CLE,IND,20220211,120,113
OKCPHI20220211,OKC,PHI,20220211,87,100
SASATL20220211,SAS,ATL,20220211,136,121
DENBOS20220211,DEN,BOS,20220211,102,108
MINCHI20220211,MIN,CHI,20220211,122,134
ORLUTA20220211,ORL,UTA,20220211,99,114
NYKPOR20220212,NYK,POR,20220212,103,112
MEMCHO20220212,MEM,CHO,20220212,125,118
SASNOP20220212,SAS,NOP,20220212,124,114
SACWAS20220212,SAC,WAS,20220212,123,110
CLEPHI20220212,CLE,PHI,20220212,93,103
DENTOR20220212,DEN,TOR,20220212,110,109
OKCCHI20220212,OKC,CHI,20220212,101,106
BRKMIA20220212,BRK,MIA,20220212,111,115
LACDAL20220212,LAC,DAL,20220212,99,97
LALGSW20220212,LAL,GSW,20220212,115,117
ORLPHO20220212,ORL,PHO,20220212,105,132
ATLBOS20220213,ATL,BOS,20220213,95,105
MININD20220213,MIN,IND,20220213,129,120
DETWAS20220214,DET,WAS,20220214,94,103
SACBRK20220214,SAC,BRK,20220214,85,109
OKCNYK20220214,OKC,NYK,20220214,127,123
SASCHI20220214,SAS,CHI,20220214,109,120
PORMIL20220214,POR,MIL,20220214,122,107
TORNOP20220214,TOR,NOP,20220214,90,120
ORLDEN20220214,ORL,DEN,20220214,111,121
HOUUTA20220214,HOU,UTA,20220214,101,135
GSWLAC20220214,GSW,LAC,20220214,104,119
CLEATL20220215,CLE,ATL,20220215,116,124
DALMIA20220215,DAL,MIA,20220215,107,99
BOSPHI20220215,BOS,PHI,20220215,135,87
INDMIL20220215,IND,MIL,20220215,119,128
CHOMIN20220215,CHO,MIN,20220215,120,126
MEMNOP20220215,MEM,NOP,20220215,121,109
LACPHO20220215,LAC,PHO,20220215,96,103
ATLORL20220216,ATL,ORL,20220216,130,109
DETBOS20220216,DET,BOS,20220216,112,111
WASIND20220216,WAS,IND,20220216,108,113
BRKNYK20220216,BRK,NYK,20220216,111,106
SACCHI20220216,SAC,CHI,20220216,118,125
PORMEM20220216,POR,MEM,20220216,123,119
TORMIN20220216,TOR,MIN,20220216,103,91
SASOKC20220216,SAS,OKC,20220216,114,106
HOUPHO20220216,HOU,PHO,20220216,121,124
DENGSW20220216,DEN,GSW,20220216,117,116
UTALAL20220216,UTA,LAL,20220216,101,106
MIACHO20220217,MIA,CHO,20220217,111,107
WASBRK20220217,WAS,BRK,20220217,117,103
DALNOP20220217,DAL,NOP,20220217,125,118
PHIMIL20220217,PHI,MIL,20220217,123,120
HOULAC20220217,HOU,LAC,20220217,111,142
CLEDET20220224,CLE,DET,20220224,103,106
BOSBRK20220224,BOS,BRK,20220224,129,106
ATLCHI20220224,ATL,CHI,20220224,108,112
MEMMIN20220224,MEM,MIN,20220224,114,119
PHOOKC20220224,PHO,OKC,20220224,124,104
GSWPOR20220224,GSW,POR,20220224,132,95
DENSAC20220224,DEN,SAC,20220224,128,110
TORCHO20220225,TOR,CHO,20220225,93,125
OKCIND20220225,OKC,IND,20220225,129,125
HOUORL20220225,HOU,ORL,20220225,111,119
SASWAS20220225,SAS,WAS,20220225,157,153
MIANYK20220225,MIA,NYK,20220225,115,100
PHIMIN20220225,PHI,MIN,20220225,133,102
NOPPHO20220225,NOP,PHO,20220225,117,102
DALUTA20220225,DAL,UTA,20220225,109,114
LACLAL20220225,LAC,LAL,20220225,105,102
BOSDET20220226,BOS,DET,20220226,113,104
TORATL20220226,TOR,ATL,20220226,100,127
MEMCHI20220226,MEM,CHI,20220226,116,110
WASCLE20220226,WAS,CLE,20220226,86,92
SASMIA20220226,SAS,MIA,20220226,129,133
BRKMIL20220226,BRK,MIL,20220226,126,123
SACDEN20220226,SAC,DEN,20220226,110,115
PHINYK20220227,PHI,NYK,20220227,125,109
UTAPHO20220227,UTA,PHO,20220227,118,114
BOSIND20220227,BOS,IND,20220227,107,128
DETCHO20220227,DET,CHO,20220227,127,126
LACHOU20220227,LAC,HOU,20220227,99,98
DALGSW20220227,DAL,GSW,20220227,107,101
DENPOR20220227,DEN,POR,20220227,124,92
NOPLAL20220227,NOP,LAL,20220227,123,95
MINCLE20220228,MIN,CLE,20220228,127,122
INDORL20220228,IND,ORL,20220228,103,119
TORBRK20220228,TOR,BRK,20220228,133,97
CHIMIA20220228,CHI,MIA,20220228,99,112
SASMEM20220228,SAS,MEM,20220228,105,118
CHOMIL20220228,CHO,MIL,20220228,106,130
SACOKC20220228,SAC,OKC,20220228,131,110
DETWAS20220301,DET,WAS,20220301,113,116
ATLBOS20220301,ATL,BOS,20220301,98,107
BRKTOR20220301,BRK,TOR,20220301,108,109
LACHOU20220301,LAC,HOU,20220301,113,100
GSWMIN20220301,GSW,MIN,20220301,114,129
DALLAL20220301,DAL,LAL,20220301,109,104
CHOCLE20220302,CHO,CLE,20220302,119,98
INDORL20220302,IND,ORL,20220302,122,114
NYKPHI20220302,NYK,PHI,20220302,108,123
UTAHOU20220302,UTA,HOU,20220302,132,127
MIAMIL20220302,MIA,MIL,20220302,119,120
SACNOP20220302,SAC,NOP,20220302,95,125
OKCDEN20220302,OKC,DEN,20220302,119,107
PORPHO20220302,POR,PHO,20220302,90,120
CHIATL20220303,CHI,ATL,20220303,124,130
MEMBOS20220303,MEM,BOS,20220303,107,120
MIABRK20220303,MIA,BRK,20220303,113,107
DETTOR20220303,DET,TOR,20220303,108,106
GSWDAL20220303,GSW,DAL,20220303,113,122
SACSAS20220303,SAC,SAS,20220303,115,112
LALLAC20220303,LAL,LAC,20220303,111,132
INDDET20220304,IND,DET,20220304,106,111
CLEPHI20220304,CLE,PHI,20220304,119,125
ATLWAS20220304,ATL,WAS,20220304,117,114
MILCHI20220304,MIL,CHI,20220304,118,112
ORLTOR20220304,ORL,TOR,20220304,103,97
UTANOP20220304,UTA,NOP,20220304,90,124
MINOKC20220304,MIN,OKC,20220304,138,101
HOUDEN20220304,HOU,DEN,20220304,101,116
NYKPHO20220304,NYK,PHO,20220304,114,115
SACDAL20220305,SAC,DAL,20220305,113,114
SASCHO20220305,SAS,CHO,20220305,117,123
ORLMEM20220305,ORL,MEM,20220305,96,124
PHIMIA20220305,PHI,MIA,20220305,82,99
PORMIN20220305,POR,MIN,20220305,121,135
GSWLAL20220305,GSW,LAL,20220305,116,124
BRKBOS20220306,BRK,BOS,20220306,120,126
PHOMIL20220306,PHO,MIL,20220306,122,132
INDWAS20220306,IND,WAS,20220306,123,133
MEMHOU20220306,MEM,HOU,20220306,112,123
UTAOKC20220306,UTA,OKC,20220306,116,103
TORCLE20220306,TOR,CLE,20220306,96,104
NOPDEN20220306,NOP,DEN,20220306,130,138
NYKLAC20220306,NYK,LAC,20220306,116,93
ATLDET20220307,ATL,DET,20220307,110,113
CHIPHI20220307,CHI,PHI,20220307,106,121
HOUMIA20220307,HOU,MIA,20220307,106,123
PORMIN20220307,POR,MIN,20220307,81,124
UTADAL20220307,UTA,DAL,20220307,103,111
LALSAS20220307,LAL,SAS,20220307,110,117
GSWDEN20220307,GSW,DEN,20220307,124,131
NYKSAC20220307,NYK,SAC,20220307,131,115
BRKCHO20220308,BRK,CHO,20220308,132,121
CLEIND20220308,CLE,IND,20220308,127,124
PHOORL20220308,PHO,ORL,20220308,102,99
NOPMEM20220308,NOP,MEM,20220308,111,132
MILOKC20220308,MIL,OKC,20220308,142,115
LACGSW20220308,LAC,GSW,20220308,97,112
BOSCHO20220309,BOS,CHO,20220309,115,101
CHIDET20220309,CHI,DET,20220309,114,108
PHOMIA20220309,PHO,MIA,20220309,111,90
LALHOU20220309,LAL,HOU,20220309,130,139
ATLMIL20220309,ATL,MIL,20220309,115,124
OKCMIN20220309,OKC,MIN,20220309,102,132
ORLNOP20220309,ORL,NOP,20220309,108,102
NYKDAL20220309,NYK,DAL,20220309,107,77
TORSAS20220309,TOR,SAS,20220309,119,104
DENSAC20220309,DEN,SAC,20220309,106,100
PORUTA20220309,POR,UTA,20220309,85,123
WASLAC20220309,WAS,LAC,20220309,109,115
BRKPHI20220310,BRK,PHI,20220310,129,100
GSWDEN20220310,GSW,DEN,20220310,113,102
MINORL20220311,MIN,ORL,20220311,110,118
LACATL20220311,LAC,ATL,20220311,106,112
DETBOS20220311,DET,BOS,20220311,103,114
DALHOU20220311,DAL,HOU,20220311,113,100
NYKMEM20220311,NYK,MEM,20220311,114,118
CLEMIA20220311,CLE,MIA,20220311,105,117
CHONOP20220311,CHO,NOP,20220311,142,120
UTASAS20220311,UTA,SAS,20220311,102,104
TORPHO20220311,TOR,PHO,20220311,117,112
WASLAL20220311,WAS,LAL,20220311,109,122
CLECHI20220312,CLE,CHI,20220312,91,101
MINMIA20220312,MIN,MIA,20220312,113,104
INDSAS20220312,IND,SAS,20220312,119,108
MILGSW20220312,MIL,GSW,20220312,109,122
TORDEN20220312,TOR,DEN,20220312,127,115
SACUTA20220312,SAC,UTA,20220312,125,134
WASPOR20220312,WAS,POR,20220312,118,127
NYKBRK20220313,NYK,BRK,20220313,107,110
LACDET20220313,LAC,DET,20220313,106,102
DALBOS20220313,DAL,BOS,20220313,95,92
PHIORL20220313,PHI,ORL,20220313,116,114
INDATL20220313,IND,ATL,20220313,128,131
HOUNOP20220313,HOU,NOP,20220313,105,130
MEMOKC20220313,MEM,OKC,20220313,125,118
LALPHO20220313,LAL,PHO,20220313,111,140
LACCLE20220314,LAC,CLE,20220314,111,120
PORATL20220314,POR,ATL,20220314,113,122
DENPHI20220314,DEN,PHI,20220314,114,110
CHOOKC20220314,CHO,OKC,20220314,134,116
MINSAS20220314,MIN,SAS,20220314,149,139
WASGSW20220314,WAS,GSW,20220314,112,126
CHISAC20220314,CHI,SAC,20220314,103,112
MILUTA20220314,MIL,UTA,20220314,117,111
TORLAL20220314,TOR,LAL,20220314,114,103
MEMIND20220315,MEM,IND,20220315,135,102
BRKORL20220315,BRK,ORL,20220315,150,108
DETMIA20220315,DET,MIA,20220315,98,105
PHONOP20220315,PHO,NOP,20220315,131,115
ATLCHO20220316,ATL,CHO,20220316,106,116
PHICLE20220316,PHI,CLE,20220316,118,114
DENWAS20220316,DEN,WAS,20220316,127,109
DALBRK20220316,DAL,BRK,20220316,113,111
PORNYK20220316,POR,NYK,20220316,98,128
PHOHOU20220316,PHO,HOU,20220316,129,112
LALMIN20220316,LAL,MIN,20220316,104,124
OKCSAS20220316,OKC,SAS,20220316,120,122
CHIUTA20220316,CHI,UTA,20220316,110,125
BOSGSW20220316,BOS,GSW,20220316,110,88
MILSAC20220316,MIL,SAC,20220316,135,126
TORLAC20220316,TOR,LAC,20220316,103,100
DETORL20220317,DET,ORL,20220317,134,120
DALPHI20220318,DAL,PHI,20220318,101,111
MEMATL20220318,MEM,ATL,20220318,105,120
PORBRK20220318,POR,BRK,20220318,123,128
DENCLE20220318,DEN,CLE,20220318,116,119
WASNYK20220318,WAS,NYK,20220318,97,100
LALTOR20220318,LAL,TOR,20220318,128,123
INDHOU20220318,IND,HOU,20220318,121,118
OKCMIA20220318,OKC,MIA,20220318,108,120
NOPSAS20220318,NOP,SAS,20220318,124,91
LACUTA20220318,LAC,UTA,20220318,92,121
CHIPHO20220318,CHI,PHO,20220318,102,129
BOSSAC20220318,BOS,SAC,20220318,126,97
MILMIN20220319,MIL,MIN,20220319,119,138
DALCHO20220319,DAL,CHO,20220319,108,129
DETCLE20220319,DET,CLE,20220319,109,113
LALWAS20220319,LAL,WAS,20220319,119,127
MEMHOU20220320,MEM,HOU,20220320,122,98
PORIND20220320,POR,IND,20220320,98,129
NOPATL20220320,NOP,ATL,20220320,117,112
OKCORL20220320,OKC,ORL,20220320,85,90
PHOSAC20220320,PHO,SAC,20220320,127,124
UTANYK20220320,UTA,NYK,20220320,108,93
BOSDEN20220320,BOS,DEN,20220320,124,104
SASGSW20220320,SAS,GSW,20220320,110,108
TORPHI20220320,TOR,PHI,20220320,93,88
NOPCHO20220321,NOP,CHO,20220321,103,106
LALCLE20220321,LAL,CLE,20220321,131,120
PORDET20220321,POR,DET,20220321,119,115
UTABRK20220321,UTA,BRK,20220321,106,114
MIAPHI20220321,MIA,PHI,20220321,106,113
TORCHI20220321,TOR,CHI,20220321,99,113
WASHOU20220321,WAS,HOU,20220321,97,115
BOSOKC20220321,BOS,OKC,20220321,132,123
MINDAL20220321,MIN,DAL,20220321,108,110
GSWORL20220322,GSW,ORL,20220322,90,94
ATLNYK20220322,ATL,NYK,20220322,117,111
CHIMIL20220322,CHI,MIL,20220322,98,126
LACDEN20220322,LAC,DEN,20220322,115,127
NYKCHO20220323,NYK,CHO,20220323,121,106
ATLDET20220323,ATL,DET,20220323,101,122
SACIND20220323,SAC,IND,20220323,110,109
UTABOS20220323,UTA,BOS,20220323,97,125
BRKMEM20220323,BRK,MEM,20220323,120,132
GSWMIA20220323,GSW,MIA,20220323,118,104
PHOMIN20220323,PHO,MIN,20220323,125,116
ORLOKC20220323,ORL,OKC,20220323,102,118
HOUDAL20220323,HOU,DAL,20220323,91,110
PHILAL20220323,PHI,LAL,20220323,126,121
SASPOR20220323,SAS,POR,20220323,133,96
CLETOR20220324,CLE,TOR,20220324,104,117
INDMEM20220324,IND,MEM,20220324,103,133
WASMIL20220324,WAS,MIL,20220324,102,114
CHINOP20220324,CHI,NOP,20220324,109,126
PHODEN20220324,PHO,DEN,20220324,140,130
UTACHO20220325,UTA,CHO,20220325,101,107
WASDET20220325,WAS,DET,20220325,100,97
GSWATL20220325,GSW,ATL,20220325,110,121
NYKMIA20220325,NYK,MIA,20220325,111,103
DALMIN20220325,DAL,MIN,20220325,95,116
HOUPOR20220325,HOU,POR,20220325,125,106
PHILAC20220325,PHI,LAC,20220325,122,97
SASNOP20220326,SAS,NOP,20220326,107,103
SACORL20220326,SAC,ORL,20220326,114,110
INDTOR20220326,IND,TOR,20220326,91,131
CHICLE20220326,CHI,CLE,20220326,98,94
MILMEM20220326,MIL,MEM,20220326,102,127
BRKMIA20220326,BRK,MIA,20220326,110,95
OKCDEN20220326,OKC,DEN,20220326,107,113
HOUPOR20220326,HOU,POR,20220326,115,98
NYKDET20220327,NYK,DET,20220327,104,102
MINBOS20220327,MIN,BOS,20220327,112,134
PHIPHO20220327,PHI,PHO,20220327,104,114
GSWWAS20220327,GSW,WAS,20220327,115,123
LALNOP20220327,LAL,NOP,20220327,108,116
CHOBRK20220327,CHO,BRK,20220327,119,110
UTADAL20220327,UTA,DAL,20220327,100,114
DENCHO20220328,DEN,CHO,20220328,113,109
ORLCLE20220328,ORL,CLE,20220328,101,107
ATLIND20220328,ATL,IND,20220328,132,123
SACMIA20220328,SAC,MIA,20220328,100,123
CHINYK20220328,CHI,NYK,20220328,104,109
BOSTOR20220328,BOS,TOR,20220328,112,115
SASHOU20220328,SAS,HOU,20220328,123,120
GSWMEM20220328,GSW,MEM,20220328,95,123
OKCPOR20220328,OKC,POR,20220328,134,131
MILPHI20220329,MIL,PHI,20220329,118,116
CHIWAS20220329,CHI,WAS,20220329,107,94
DETBRK20220329,DET,BRK,20220329,123,130
LALDAL20220329,LAL,DAL,20220329,110,128
UTALAC20220329,UTA,LAC,20220329,115,121
DALCLE20220330,DAL,CLE,20220330,120,112
DENIND20220330,DEN,IND,20220330,125,118
ORLWAS20220330,ORL,WAS,20220330,110,127
MIABOS20220330,MIA,BOS,20220330,106,98
CHONYK20220330,CHO,NYK,20220330,125,114
MINTOR20220330,MIN,TOR,20220330,102,125
SACHOU20220330,SAC,HOU,20220330,121,118
ATLOKC20220330,ATL,OKC,20220330,136,118
MEMSAS20220330,MEM,SAS,20220330,112,111
PHOGSW20220330,PHO,GSW,20220330,107,103
NOPPOR20220330,NOP,POR,20220330,117,107
PHIDET20220331,PHI,DET,20220331,94,102
CLEATL20220331,CLE,ATL,20220331,107,131
MILBRK20220331,MIL,BRK,20220331,120,119
LACCHI20220331,LAC,CHI,20220331,130,135
LALUTA20220331,LAL,UTA,20220331,109,122
TORORL20220401,TOR,ORL,20220401,102,89
DALWAS20220401,DAL,WAS,20220401,103,135
INDBOS20220401,IND,BOS,20220401,123,128
SACHOU20220401,SAC,HOU,20220401,122,117
PHOMEM20220401,PHO,MEM,20220401,114,122
LACMIL20220401,LAC,MIL,20220401,153,119
DETOKC20220401,DET,OKC,20220401,110,101
PORSAS20220401,POR,SAS,20220401,111,130
MINDEN20220401,MIN,DEN,20220401,136,130
NOPLAL20220401,NOP,LAL,20220401,114,111
CHOPHI20220402,CHO,PHI,20220402,114,144
CLENYK20220402,CLE,NYK,20220402,119,101
BRKATL20220402,BRK,ATL,20220402,115,122
MIACHI20220402,MIA,CHI,20220402,127,109
UTAGSW20220402,UTA,GSW,20220402,107,111
WASBOS20220403,WAS,BOS,20220403,102,144
DALMIL20220403,DAL,MIL,20220403,118,112
DENLAL20220403,DEN,LAL,20220403,129,118
DETIND20220403,DET,IND,20220403,121,117
PHICLE20220403,PHI,CLE,20220403,112,108
NYKORL20220403,NYK,ORL,20220403,118,88
MINHOU20220403,MIN,HOU,20220403,139,132
PHOOKC20220403,PHO,OKC,20220403,96,117
PORSAS20220403,POR,SAS,20220403,92,113
MIATOR20220403,MIA,TOR,20220403,114,109
GSWSAC20220403,GSW,SAC,20220403,109,90
NOPLAC20220403,NOP,LAC,20220403,100,119
PHIIND20220405,PHI,IND,20220405,131,122
CLEORL20220405,CLE,ORL,20220405,115,120
HOUBRK20220405,HOU,BRK,20220405,105,118
CHOMIA20220405,CHO,MIA,20220405,115,144
ATLTOR20220405,ATL,TOR,20220405,108,118
MILCHI20220405,MIL,CHI,20220405,127,106
WASMIN20220405,WAS,MIN,20220405,132,114
POROKC20220405,POR,OKC,20220405,94,98
SASDEN20220405,SAS,DEN,20220405,116,97
MEMUTA20220405,MEM,UTA,20220405,115,121
NOPSAC20220405,NOP,SAC,20220405,123,109
LALPHO20220405,LAL,PHO,20220405,110,121
DALDET20220406,DAL,DET,20220406,131,113
BRKNYK20220406,BRK,NYK,20220406,110,98
WASATL20220406,WAS,ATL,20220406,103,118
BOSCHI20220406,BOS,CHI,20220406,117,94
OKCUTA20220406,OKC,UTA,20220406,101,137
PHOLAC20220406,PHO,LAC,20220406,109,113
ORLCHO20220407,ORL,CHO,20220407,101,128
BOSMIL20220407,BOS,MIL,20220407,121,127
PHITOR20220407,PHI,TOR,20220407,114,119
SASMIN20220407,SAS,MIN,20220407,121,127
PORNOP20220407,POR,NOP,20220407,94,127
MEMDEN20220407,MEM,DEN,20220407,109,122
LALGSW20220407,LAL,GSW,20220407,112,128
MILDET20220408,MIL,DET,20220408,131,101
NYKWAS20220408,NYK,WAS,20220408,114,92
CLEBRK20220408,CLE,BRK,20220408,107,118
HOUTOR20220408,HOU,TOR,20220408,115,117
CHOCHI20220408,CHO,CHI,20220408,133,117
ATLMIA20220408,ATL,MIA,20220408,109,113
PORDAL20220408,POR,DAL,20220408,78,128
PHOUTA20220408,PHO,UTA,20220408,111,105
OKCLAL20220408,OKC,LAL,20220408,101,120
INDPHI20220409,IND,PHI,20220409,120,133
NOPMEM20220409,NOP,MEM,20220409,114,141
GSWSAS20220409,GSW,SAS,20220409,100,94
SACLAC20220409,SAC,LAC,20220409,98,117
INDBRK20220410,IND,BRK,20220410,126,134
WASCHO20220410,WAS,CHO,20220410,108,124
MILCLE20220410,MIL,CLE,20220410,115,133
ATLHOU20220410,ATL,HOU,20220410,130,114
BOSMEM20220410,BOS,MEM,20220410,139,110
TORNYK20220410,TOR,NYK,20220410,94,105
MIAORL20220410,MIA,ORL,20220410,111,125
DETPHI20220410,DET,PHI,20220410,106,118
CHIMIN20220410,CHI,MIN,20220410,124,120
SASDAL20220410,SAS,DAL,20220410,120,130
LALDEN20220410,LAL,DEN,20220410,146,141
OKCLAC20220410,OKC,LAC,20220410,88,138
GSWNOP20220410,GSW,NOP,20220410,128,107
SACPHO20220410,SAC,PHO,20220410,116,109
UTAPOR20220410,UTA,POR,20220410,111,80
CLEBRK20220412,CLE,BRK,20220412,108,115
LACMIN20220412,LAC,MIN,20220412,104,109
CHOATL20220413,CHO,ATL,20220413,103,132
SASNOP20220413,SAS,NOP,20220413,103,113
ATLCLE20220415,ATL,CLE,20220415,107,101
NOPLAC20220415,NOP,LAC,20220415,105,101
UTADAL20220416,UTA,DAL,20220416,99,93
MINMEM20220416,MIN,MEM,20220416,130,117
TORPHI20220416,TOR,PHI,20220416,111,131
DENGSW20220416,DEN,GSW,20220416,107,123
ATLMIA20220417,ATL,MIA,20220417,91,115
BRKBOS20220417,BRK,BOS,20220417,114,115
CHIMIL20220417,CHI,MIL,20220417,86,93
NOPPHO20220417,NOP,PHO,20220417,99,110
TORPHI20220418,TOR,PHI,20220418,97,112
UTADAL20220418,UTA,DAL,20220418,104,110
DENGSW20220418,DEN,GSW,20220418,106,126
ATLMIA20220419,ATL,MIA,20220419,105,115
MINMEM20220419,MIN,MEM,20220419,96,124
NOPPHO20220419,NOP,PHO,20220419,125,114
BRKBOS20220420,BRK,BOS,20220420,107,114
PHITOR20220420,PHI,TOR,20220420,104,101
CHIMIL20220420,CHI,MIL,20220420,114,110
MEMMIN20220421,MEM,MIN,20220421,104,95
DALUTA20220421,DAL,UTA,20220421,126,118
GSWDEN20220421,GSW,DEN,20220421,118,113
MIAATL20220422,MIA,ATL,20220422,110,111
MILCHI20220422,MIL,CHI,20220422,111,81
PHONOP20220422,PHO,NOP,20220422,114,111
PHITOR20220423,PHI,TOR,20220423,102,110
DALUTA20220423,DAL,UTA,20220423,99,100
BOSBRK20220423,BOS,BRK,20220423,109,103
MEMMIN20220423,MEM,MIN,20220423,118,119
MILCHI20220424,MIL,CHI,20220424,119,95
GSWDEN20220424,GSW,DEN,20220424,121,126
MIAATL20220424,MIA,ATL,20220424,110,86
PHONOP20220424,PHO,NOP,20220424,103,118
BOSBRK20220425,BOS,BRK,20220425,116,112
TORPHI20220425,TOR,PHI,20220425,103,88
UTADAL20220425,UTA,DAL,20220425,77,102
ATLMIA20220426,ATL,MIA,20220426,94,97
MINMEM20220426,MIN,MEM,20220426,109,111
NOPPHO20220426,NOP,PHO,20220426,97,112
CHIMIL20220427,CHI,MIL,20220427,100,116
DENGSW20220427,DEN,GSW,20220427,98,102
PHITOR20220428,PHI,TOR,20220428,132,97
PHONOP20220428,PHO,NOP,20220428,115,109
DALUTA20220428,DAL,UTA,20220428,98,96
MEMMIN20220429,MEM,MIN,20220429,114,106
MILBOS20220501,MIL,BOS,20220501,101,89
GSWMEM20220501,GSW,MEM,20220501,117,116
PHIMIA20220502,PHI,MIA,20220502,92,106
DALPHO20220502,DAL,PHO,20220502,114,121
MILBOS20220503,MIL,BOS,20220503,86,109
GSWMEM20220503,GSW,MEM,20220503,101,106
PHIMIA20220504,PHI,MIA,20220504,103,119
DALPHO20220504,DAL,PHO,20220504,109,129
MIAPHI20220506,MIA,PHI,20220506,79,99
PHODAL20220506,PHO,DAL,20220506,94,103
BOSMIL20220507,BOS,MIL,20220507,101,103
MEMGSW20220507,MEM,GSW,20220507,112,142
PHODAL20220508,PHO,DAL,20220508,101,111
MIAPHI20220508,MIA,PHI,20220508,108,116
BOSMIL20220509,BOS,MIL,20220509,116,108
MEMGSW20220509,MEM,GSW,20220509,98,101
PHIMIA20220510,PHI,MIA,20220510,85,120
DALPHO20220510,DAL,PHO,20220510,80,110
MILBOS20220511,MIL,BOS,20220511,110,107
GSWMEM20220511,GSW,MEM,20220511,95,134
MIAPHI20220512,MIA,PHI,20220512,99,90
PHODAL20220512,PHO,DAL,20220512,86,113
BOSMIL20220513,BOS,MIL,20220513,108,95
MEMGSW20220513,MEM,GSW,20220513,96,110
MILBOS20220515,MIL,BOS,20220515,81,109
DALPHO20220515,DAL,PHO,20220515,123,90
BOSMIA20220517,BOS,MIA,20220517,107,118
DALGSW20220518,DAL,GSW,20220518,87,112
BOSMIA20220519,BOS,MIA,20220519,127,102
DALGSW20220520,DAL,GSW,20220520,117,126
MIABOS20220521,MIA,BOS,20220521,109,103
GSWDAL20220522,GSW,DAL,20220522,109,100
MIABOS20220523,MIA,BOS,20220523,82,102
GSWDAL20220524,GSW,DAL,20220524,109,119
BOSMIA20220525,BOS,MIA,20220525,93,80
DALGSW20220526,DAL,GSW,20220526,110,120
MIABOS20220527,MIA,BOS,20220527,111,103
BOSMIA20220529,BOS,MIA,20220529,100,96
BOSGSW20220602,BOS,GSW,20220602,120,108
BOSGSW20220605,BOS,GSW,20220605,88,107
GSWBOS20220608,GSW,BOS,20220608,100,116
GSWBOS20220610,GSW,BOS,20220610,107,97
BOSGSW20220613,BOS,GSW,20220613,94,104
GSWBOS20220616,GSW,BOS,20220616,103,90
