TOR2014,Opponent/G,243.4,36.1,80.2,0.45,6.9,19.2,0.36,29.1,60.9,0.478,19.0,25.3,0.752,10.4,30.5,41.0,21.0,7.3,4.3,14.9,22.1,98.0,TOR,2014
TOR2015,Opponent/G,242.1,38.0,82.8,0.459,7.7,22.3,0.346,30.3,60.5,0.501,17.2,23.5,0.733,11.2,31.2,42.5,22.8,6.9,5.0,14.4,20.3,100.9,TOR,2015
BOS2014,Opponent/G,240.6,37.8,81.4,0.465,6.6,18.9,0.347,31.2,62.5,0.5,18.5,24.3,0.761,10.6,31.7,42.3,22.1,7.4,4.5,14.2,19.1,100.7,BOS,2014
BOS2015,Opponent/G,242.4,38.1,84.7,0.45,7.4,22.0,0.336,30.7,62.7,0.49,17.6,23.3,0.755,10.9,33.8,44.7,21.9,7.1,5.3,15.1,18.8,101.2,BOS,2015
NYK2014,Opponent/G,242.1,35.8,78.1,0.458,8.7,23.4,0.371,27.1,54.6,0.496,19.1,25.0,0.765,10.3,31.7,42.0,19.7,6.3,3.4,14.5,19.6,99.4,NYK,2014
NYK2015,Opponent/G,242.1,37.0,80.4,0.46,8.5,22.3,0.38,28.5,58.1,0.49,18.8,24.8,0.759,11.0,32.5,43.5,21.7,8.0,4.3,14.1,19.1,101.2,NYK,2015
BRK2014,Opponent/G,242.4,36.3,79.4,0.458,8.1,22.0,0.367,28.3,57.4,0.492,18.8,24.7,0.76,11.2,31.6,42.9,21.0,7.4,4.1,15.8,20.8,99.5,BRK,2014
BRK2015,Opponent/G,243.0,38.4,84.3,0.456,8.5,23.7,0.358,29.9,60.6,0.494,15.6,21.3,0.731,11.4,32.9,44.3,23.7,7.8,4.5,13.9,20.0,100.9,BRK,2015
PHI2014,Opponent/G,242.1,40.0,85.1,0.471,9.0,24.4,0.37,31.0,60.7,0.511,20.8,27.6,0.754,11.9,35.0,46.9,26.1,9.0,6.8,17.0,20.6,109.9,PHI,2014
PHI2015,Opponent/G,241.5,37.1,82.7,0.449,8.0,22.9,0.35,29.1,59.8,0.487,18.7,24.7,0.756,11.5,34.8,46.3,23.7,9.5,5.5,16.8,20.2,101.0,PHI,2015
CLE2014,Opponent/G,243.0,37.8,83.5,0.452,9.3,25.4,0.367,28.4,58.1,0.49,16.6,22.0,0.757,10.3,32.3,42.5,24.8,7.2,5.6,14.0,19.5,101.5,CLE,2014
CLE2015,Opponent/G,241.2,38.1,83.5,0.456,7.7,22.5,0.343,30.3,61.0,0.497,14.8,19.9,0.745,10.8,30.3,41.1,24.1,7.8,4.5,13.3,20.5,98.7,CLE,2015
IND2014,Opponent/G,241.2,34.8,82.7,0.42,6.6,19.0,0.345,28.2,63.7,0.443,16.3,21.6,0.755,10.4,30.7,41.2,18.6,7.2,4.6,13.7,21.9,92.3,IND,2014
IND2015,Opponent/G,242.1,36.0,82.7,0.435,7.2,20.9,0.345,28.8,61.8,0.465,17.9,23.8,0.753,9.8,33.0,42.7,19.9,7.5,4.7,12.7,21.4,97.0,IND,2015
DET2014,Opponent/G,241.2,39.1,83.2,0.47,8.3,22.8,0.365,30.8,60.3,0.51,18.1,24.0,0.756,11.1,31.9,43.0,24.4,8.2,4.9,15.0,20.7,104.7,DET,2014
DET2015,Opponent/G,241.8,37.9,83.1,0.456,7.7,21.8,0.355,30.1,61.3,0.491,16.0,20.7,0.772,10.7,33.4,44.1,23.8,7.0,4.8,14.0,19.3,99.5,DET,2015
CHI2014,Opponent/G,243.0,35.0,81.2,0.43,6.6,18.7,0.351,28.4,62.5,0.454,15.3,20.3,0.753,10.7,30.6,41.3,19.6,7.6,6.0,14.4,20.9,91.8,CHI,2014
CHI2015,Opponent/G,242.4,37.7,86.7,0.435,6.6,19.6,0.335,31.2,67.1,0.465,15.7,21.0,0.749,11.7,31.7,43.4,20.2,7.5,5.4,12.2,21.2,97.8,CHI,2015
MIL2014,Opponent/G,242.4,38.4,82.0,0.468,8.5,22.3,0.382,29.9,59.7,0.5,18.4,24.5,0.751,11.7,31.8,43.5,22.8,7.8,5.0,14.1,20.6,103.7,MIL,2014
MIL2015,Opponent/G,243.0,35.6,81.5,0.437,8.2,24.1,0.342,27.3,57.4,0.476,18.0,24.3,0.742,11.4,31.4,42.9,22.3,8.6,4.8,17.4,20.1,97.4,MIL,2015
MIA2014,Opponent/G,242.4,36.1,79.0,0.457,8.5,23.4,0.362,27.6,55.6,0.497,16.8,22.3,0.75,10.8,29.5,40.3,21.4,8.1,3.1,16.7,20.4,97.4,MIA,2014
MIA2015,Opponent/G,240.6,36.1,79.5,0.454,8.1,23.0,0.353,28.0,56.5,0.495,17.0,23.2,0.73,10.9,30.1,41.0,21.3,7.9,4.4,14.8,20.9,97.3,MIA,2015
ATL2014,Opponent/G,241.8,38.6,83.5,0.462,8.0,21.9,0.365,30.6,61.6,0.497,16.4,21.9,0.748,10.8,32.8,43.5,23.2,8.2,4.3,15.2,20.0,101.5,ATL,2014
ATL2015,Opponent/G,240.6,36.5,83.1,0.439,8.8,25.8,0.341,27.7,57.4,0.483,15.4,20.1,0.764,11.6,32.1,43.6,23.5,7.4,4.9,16.1,19.6,97.1,ATL,2015
CHO2015,Opponent/G,242.7,36.8,83.7,0.44,7.9,22.1,0.357,28.9,61.5,0.47,15.8,20.4,0.772,8.9,35.2,44.1,22.1,6.1,5.4,12.6,20.8,97.3,CHO,2015
WAS2014,Opponent/G,244.6,37.0,80.9,0.458,7.5,21.5,0.347,29.6,59.4,0.498,17.8,23.3,0.765,10.1,32.1,42.2,22.2,7.7,3.9,16.0,19.5,99.4,WAS,2014
WAS2015,Opponent/G,243.4,36.2,83.5,0.433,8.0,23.0,0.349,28.1,60.5,0.465,17.5,23.7,0.738,10.0,31.7,41.7,19.9,8.0,4.3,14.0,19.6,97.8,WAS,2015
ORL2014,Opponent/G,243.4,38.1,83.7,0.456,8.0,21.7,0.371,30.1,62.0,0.485,17.7,22.9,0.77,10.5,33.5,44.0,22.5,7.1,5.4,14.0,18.3,102.0,ORL,2014
ORL2015,Opponent/G,240.9,38.0,82.0,0.463,8.3,22.6,0.368,29.6,59.4,0.499,17.2,22.9,0.751,10.1,33.4,43.5,23.4,7.7,5.4,14.5,17.9,101.4,ORL,2015
OKC2014,Opponent/G,241.5,36.4,83.4,0.436,8.6,24.0,0.358,27.8,59.4,0.468,18.4,25.4,0.727,11.0,30.0,40.9,21.8,8.2,3.6,15.2,20.4,99.8,OKC,2014
OKC2015,Opponent/G,241.8,37.6,85.5,0.44,8.3,24.2,0.343,29.3,61.3,0.479,18.2,24.5,0.745,11.2,31.5,42.7,22.1,7.8,4.6,13.6,20.4,101.8,OKC,2015
POR2014,Opponent/G,242.1,39.6,87.8,0.451,6.5,18.3,0.355,33.1,69.5,0.476,17.0,22.2,0.766,11.5,32.0,43.5,20.4,7.8,3.7,12.0,20.7,102.8,POR,2014
POR2015,Opponent/G,242.1,38.2,86.9,0.439,6.4,18.9,0.338,31.8,67.9,0.468,15.8,20.9,0.758,11.0,33.6,44.6,20.4,8.0,3.6,12.2,18.7,98.6,POR,2015
UTA2014,Opponent/G,241.2,38.3,81.0,0.473,7.3,19.4,0.376,31.0,61.6,0.503,18.3,23.7,0.773,10.3,32.2,42.5,21.8,7.5,4.9,12.6,20.4,102.2,UTA,2014
UTA2015,Opponent/G,240.3,35.8,80.3,0.446,7.4,20.4,0.362,28.4,60.0,0.474,16.0,21.5,0.744,9.9,29.3,39.2,19.4,8.2,4.7,13.1,19.6,94.9,UTA,2015
DEN2014,Opponent/G,240.9,39.5,86.4,0.457,7.4,21.0,0.351,32.1,65.4,0.491,20.2,26.4,0.763,11.3,32.5,43.8,22.5,8.5,5.6,14.4,21.7,106.5,DEN,2014
DEN2015,Opponent/G,242.4,38.6,84.3,0.458,7.7,22.2,0.346,30.9,62.0,0.498,20.1,26.9,0.748,11.0,34.1,45.1,23.1,7.5,6.1,14.4,20.7,105.0,DEN,2015
MIN2014,Opponent/G,242.1,40.5,86.0,0.471,8.1,22.2,0.364,32.4,63.8,0.508,15.2,20.1,0.756,11.1,33.1,44.2,22.9,7.9,5.6,16.4,23.6,104.3,MIN,2014
MIN2015,Opponent/G,241.5,41.1,84.5,0.487,8.5,23.1,0.367,32.6,61.4,0.531,15.8,20.8,0.759,11.6,31.9,43.6,23.6,8.4,5.5,15.2,21.4,106.5,MIN,2015
GSW2014,Opponent/G,241.8,36.8,84.4,0.436,6.9,20.2,0.344,29.9,64.2,0.465,18.9,24.7,0.765,10.7,32.6,43.3,20.5,7.9,4.2,15.0,19.3,99.5,GSW,2014
GSW2015,Opponent/G,240.6,37.0,86.4,0.428,7.2,21.4,0.337,29.7,65.0,0.458,18.7,24.5,0.763,11.7,32.8,44.5,21.0,8.3,3.6,16.2,18.8,99.9,GSW,2015
LAC2014,Opponent/G,240.9,37.4,84.9,0.441,7.3,21.8,0.332,30.2,63.0,0.479,18.9,25.0,0.755,12.3,31.4,43.7,23.3,7.0,3.5,15.4,23.4,101.0,LAC,2014
LAC2015,Opponent/G,240.6,36.4,82.3,0.442,8.3,23.9,0.349,28.1,58.4,0.481,19.0,25.7,0.741,10.6,32.3,42.9,23.2,6.7,3.0,14.3,21.5,100.1,LAC,2015
SAC2014,Opponent/G,241.8,37.8,82.1,0.461,8.5,22.4,0.38,29.4,59.8,0.491,19.2,26.1,0.737,9.9,31.3,41.2,23.5,7.8,5.6,13.6,23.1,103.4,SAC,2014
SAC2015,Opponent/G,242.1,39.5,86.5,0.456,8.8,25.1,0.349,30.7,61.5,0.5,17.3,23.1,0.748,11.0,30.2,41.2,23.3,8.7,6.2,12.9,23.9,105.0,SAC,2015
PHO2014,Opponent/G,240.9,38.0,83.4,0.456,6.8,19.9,0.341,31.2,63.5,0.492,19.8,25.8,0.766,11.3,31.5,42.8,20.3,7.5,4.0,15.3,21.3,102.6,PHO,2014
PHO2015,Opponent/G,242.4,38.4,85.0,0.452,7.7,21.9,0.352,30.7,63.1,0.486,18.8,24.8,0.759,11.6,33.7,45.3,21.1,7.9,4.1,15.6,20.3,103.3,PHO,2015
LAL2014,Opponent/G,240.3,42.0,89.6,0.468,8.1,22.5,0.361,33.8,67.2,0.504,17.2,23.7,0.727,13.0,36.0,49.0,25.8,9.6,4.7,14.2,19.3,109.2,LAL,2014
LAL2015,Opponent/G,243.0,38.8,83.1,0.466,8.5,23.4,0.363,30.3,59.7,0.507,19.2,25.8,0.745,10.0,34.1,44.2,24.0,7.5,4.8,13.0,19.4,105.3,LAL,2015
SAS2014,Opponent/G,240.9,37.8,85.1,0.444,6.5,18.3,0.353,31.3,66.8,0.469,15.7,20.6,0.76,10.5,31.7,42.2,20.4,7.7,4.6,13.9,19.3,97.6,SAS,2014
SAS2015,Opponent/G,243.4,37.1,83.7,0.444,6.8,18.9,0.36,30.3,64.8,0.468,15.9,21.4,0.745,9.9,32.2,42.1,20.7,7.9,4.4,14.2,19.7,97.0,SAS,2015
DAL2014,Opponent/G,241.8,37.8,81.4,0.464,8.3,23.0,0.359,29.5,58.4,0.505,18.7,24.6,0.758,11.5,31.3,42.8,22.0,7.7,3.5,16.0,19.9,102.4,DAL,2014
DAL2015,Opponent/G,242.4,38.0,84.5,0.45,9.0,24.8,0.364,29.0,59.7,0.485,17.3,22.9,0.753,12.3,33.9,46.1,22.3,7.3,3.8,16.3,22.1,102.3,DAL,2015
MEM2014,Opponent/G,241.5,35.7,79.3,0.45,7.5,21.1,0.355,28.2,58.2,0.484,15.8,20.6,0.766,9.9,29.3,39.2,19.9,7.2,5.0,14.2,18.9,94.6,MEM,2014
MEM2015,Opponent/G,242.7,36.0,81.5,0.442,8.1,23.0,0.351,27.9,58.5,0.478,14.9,20.1,0.742,10.5,31.9,42.4,20.1,7.4,5.2,15.3,20.3,95.1,MEM,2015
HOU2014,Opponent/G,241.8,39.0,88.0,0.443,8.1,23.0,0.353,30.9,65.0,0.475,17.0,22.5,0.757,11.9,29.7,41.7,22.2,8.6,5.6,14.0,24.3,103.1,HOU,2014
HOU2015,Opponent/G,241.5,37.7,85.2,0.443,7.4,22.9,0.322,30.3,62.2,0.487,17.7,23.6,0.751,11.9,32.0,43.8,21.4,8.9,5.3,16.4,21.1,100.5,HOU,2015
NOP2014,Opponent/G,242.1,37.3,80.1,0.465,8.0,22.3,0.357,29.3,57.8,0.507,20.0,26.5,0.752,10.7,31.0,41.7,22.5,7.0,6.1,14.5,20.3,102.4,NOP,2014
NOP2015,Opponent/G,241.2,37.9,83.1,0.456,6.5,19.6,0.335,31.4,63.5,0.494,16.2,21.4,0.759,10.6,30.9,41.5,20.7,6.8,5.8,12.2,18.7,98.6,NOP,2015
TOR2016,Opponent/G,241.2,36.5,82.1,0.444,8.7,23.4,0.373,27.7,58.7,0.473,16.5,22.1,0.748,9.5,31.2,40.8,21.7,6.5,5.4,13.3,22.0,98.2,TOR,2016
TOR2017,Opponent/G,241.2,37.2,82.9,0.449,9.7,27.3,0.354,27.5,55.6,0.495,18.5,23.8,0.78,10.1,31.9,42.1,21.8,6.7,4.8,14.6,20.3,102.6,TOR,2017
TOR2018,Opponent/G,241.8,38.4,85.6,0.449,8.9,25.0,0.357,29.5,60.6,0.486,18.2,23.7,0.767,9.8,32.6,42.4,21.8,7.2,4.9,14.3,19.9,103.9,TOR,2018
TOR2019,Opponent/G,242.4,40.3,89.7,0.449,10.8,31.2,0.345,29.5,58.5,0.505,17.1,22.3,0.765,10.6,34.2,44.8,24.5,7.6,4.5,14.9,20.5,108.4,TOR,2019
BOS2016,Opponent/G,241.2,37.5,85.0,0.441,7.8,23.3,0.336,29.7,61.7,0.481,19.7,26.0,0.755,11.4,34.6,46.0,20.9,7.6,5.5,16.4,21.0,102.5,BOS,2016
BOS2017,Opponent/G,240.9,38.6,85.8,0.45,9.0,27.0,0.332,29.7,58.8,0.505,19.1,24.9,0.769,10.8,33.8,44.5,22.6,7.6,5.2,13.9,20.3,105.4,BOS,2017
BOS2018,Opponent/G,241.5,37.4,85.0,0.44,9.4,27.7,0.339,28.0,57.4,0.488,16.3,21.3,0.763,9.6,34.2,43.8,21.3,7.2,4.4,14.1,19.2,100.4,BOS,2018
BOS2019,Opponent/G,241.2,39.5,88.1,0.448,11.5,33.5,0.344,28.0,54.6,0.513,17.4,22.8,0.764,10.4,35.5,45.9,23.7,6.8,3.9,15.1,19.5,108.0,BOS,2019
NYK2016,Opponent/G,241.5,38.0,85.8,0.443,7.6,22.4,0.341,30.3,63.4,0.479,17.5,23.2,0.754,10.9,33.3,44.2,20.8,7.2,4.2,11.3,18.5,101.1,NYK,2016
NYK2017,Opponent/G,242.1,39.7,87.4,0.455,9.8,28.2,0.348,29.9,59.1,0.506,18.7,24.2,0.771,11.6,33.1,44.7,21.8,7.5,4.6,12.9,18.5,108.0,NYK,2017
NYK2018,Opponent/G,241.8,39.4,86.3,0.457,11.2,30.4,0.368,28.2,55.9,0.505,18.0,23.2,0.774,10.2,33.0,43.2,24.0,8.2,4.7,13.4,18.4,108.0,NYK,2018
NYK2019,Opponent/G,241.2,41.9,89.7,0.467,11.8,32.6,0.363,30.1,57.1,0.527,18.2,23.8,0.766,10.7,36.8,47.5,25.6,7.4,5.6,13.2,20.8,113.8,NYK,2019
BRK2016,Opponent/G,240.9,40.8,85.2,0.479,9.5,25.6,0.369,31.3,59.6,0.526,15.0,19.6,0.763,10.2,33.2,43.4,24.5,8.8,5.2,14.2,18.4,106.0,BRK,2016
BRK2017,Opponent/G,240.9,41.6,90.8,0.458,10.0,27.2,0.366,31.7,63.6,0.498,19.3,25.0,0.772,11.0,36.2,47.2,23.0,9.5,5.6,13.3,20.4,112.5,BRK,2017
BRK2018,Opponent/G,242.1,41.7,89.4,0.466,9.0,24.5,0.369,32.6,64.9,0.503,17.9,23.4,0.766,10.4,36.4,46.8,21.7,7.7,5.5,12.4,19.7,110.3,BRK,2018
BRK2019,Opponent/G,243.7,42.2,92.5,0.456,10.3,30.3,0.341,31.9,62.1,0.513,17.6,22.8,0.77,11.0,35.2,46.2,23.7,7.8,5.3,13.5,22.0,112.3,BRK,2019
PHI2016,Opponent/G,241.5,39.7,85.4,0.464,7.8,21.7,0.359,31.9,63.8,0.5,20.5,26.1,0.786,11.1,36.4,47.6,23.4,8.7,5.7,15.1,19.2,107.6,PHI,2016
PHI2017,Opponent/G,241.8,39.6,85.9,0.461,8.9,24.9,0.357,30.7,61.0,0.503,20.1,26.0,0.773,10.8,34.2,45.0,22.7,8.6,5.4,15.1,19.6,108.1,PHI,2017
PHI2018,Opponent/G,241.2,38.0,87.6,0.434,10.1,29.6,0.342,27.9,58.0,0.482,19.1,25.6,0.745,10.0,32.2,42.2,21.7,8.5,5.1,14.3,20.4,105.3,PHI,2018
PHI2019,Opponent/G,241.5,41.7,91.5,0.455,10.3,30.0,0.342,31.4,61.5,0.511,18.8,24.5,0.768,10.0,33.5,43.5,23.4,7.7,4.1,12.7,22.1,112.5,PHI,2019
CLE2016,Opponent/G,242.1,36.8,82.1,0.448,7.9,22.7,0.347,28.9,59.4,0.487,16.8,22.6,0.743,9.3,31.8,41.0,21.4,7.2,4.4,13.3,20.6,98.3,CLE,2016
CLE2017,Opponent/G,242.4,40.6,88.8,0.458,10.4,28.7,0.361,30.3,60.1,0.504,15.5,20.0,0.773,11.0,33.2,44.2,24.7,7.3,4.3,12.6,20.6,107.2,CLE,2017
CLE2018,Opponent/G,240.6,41.8,88.3,0.474,11.7,31.7,0.368,30.2,56.6,0.533,14.6,19.4,0.756,9.9,33.7,43.6,25.9,7.5,4.1,13.5,20.7,109.9,CLE,2018
CLE2019,Opponent/G,240.9,43.2,87.2,0.495,12.0,31.6,0.38,31.2,55.6,0.561,15.8,20.5,0.77,9.5,34.6,44.1,25.7,6.9,5.6,12.5,19.4,114.1,CLE,2019
IND2016,Opponent/G,242.4,37.4,84.9,0.44,8.3,24.8,0.334,29.1,60.1,0.484,17.4,23.2,0.751,10.7,33.8,44.5,20.8,7.7,4.5,15.8,20.4,100.5,IND,2016
IND2017,Opponent/G,242.1,38.0,84.3,0.451,10.4,29.1,0.355,27.6,55.1,0.501,19.0,24.1,0.789,10.7,33.5,44.3,22.3,8.1,5.0,14.9,19.5,105.3,IND,2017
IND2018,Opponent/G,240.9,39.4,84.8,0.465,10.6,30.4,0.349,28.8,54.4,0.53,14.8,19.5,0.757,10.2,32.8,43.0,23.2,7.0,5.2,15.5,18.5,104.2,IND,2018
IND2019,Opponent/G,240.3,38.7,86.1,0.45,11.4,32.1,0.354,27.4,54.0,0.507,15.8,21.0,0.756,10.5,33.1,43.7,24.5,7.4,5.2,15.7,20.0,104.7,IND,2019
DET2016,Opponent/G,242.4,38.8,84.2,0.461,7.3,20.5,0.355,31.5,63.7,0.495,16.5,21.0,0.783,8.8,33.7,42.5,21.5,7.1,4.5,13.4,21.6,101.4,DET,2016
DET2017,Opponent/G,241.5,38.3,83.3,0.46,9.4,25.6,0.366,29.0,57.7,0.502,16.4,21.0,0.78,8.0,34.9,42.9,23.5,6.7,4.1,12.8,17.5,102.5,DET,2017
DET2018,Opponent/G,241.5,39.1,85.2,0.459,11.1,30.8,0.359,28.0,54.4,0.515,14.6,18.9,0.776,9.2,34.5,43.8,25.2,7.3,4.9,14.8,18.4,103.9,DET,2018
DET2019,Opponent/G,242.1,39.9,85.0,0.469,9.6,27.8,0.345,30.3,57.2,0.53,17.9,23.7,0.755,9.1,34.6,43.7,23.7,6.9,5.1,14.1,21.3,107.3,DET,2019
CHI2016,Opponent/G,242.7,39.4,89.4,0.441,7.9,23.0,0.345,31.5,66.4,0.474,16.3,22.1,0.737,11.8,34.1,45.9,22.5,8.0,5.7,11.9,18.7,103.1,CHI,2016
CHI2017,Opponent/G,241.2,39.5,86.6,0.456,8.9,25.9,0.345,30.5,60.7,0.503,14.6,19.0,0.77,10.3,32.9,43.2,23.6,7.3,4.6,13.4,18.8,102.4,CHI,2017
CHI2018,Opponent/G,242.1,41.0,86.8,0.472,12.1,32.7,0.37,28.9,54.1,0.534,15.9,20.2,0.787,8.4,37.2,45.7,25.9,7.2,5.2,13.6,17.4,110.0,CHI,2018
CHI2019,Opponent/G,242.7,42.2,89.2,0.473,12.1,33.0,0.365,30.2,56.2,0.537,16.8,22.0,0.763,10.0,36.4,46.4,25.5,7.3,5.8,13.3,18.7,113.4,CHI,2019
MIL2016,Opponent/G,241.8,37.8,83.1,0.454,9.3,26.5,0.352,28.4,56.7,0.502,18.4,23.9,0.768,11.5,31.5,43.0,24.5,8.3,5.6,15.5,19.5,103.2,MIL,2016
MIL2017,Opponent/G,241.2,38.0,83.0,0.458,10.0,28.2,0.353,28.0,54.8,0.512,17.9,23.2,0.771,10.3,32.1,42.5,24.1,7.4,4.6,14.7,19.3,103.8,MIL,2017
MIL2018,Opponent/G,241.8,39.1,83.7,0.468,10.1,27.1,0.372,29.0,56.6,0.513,18.4,23.5,0.783,10.0,32.8,42.7,23.6,7.1,4.5,15.6,19.9,106.8,MIL,2018
MIL2019,Opponent/G,241.2,40.5,93.5,0.433,13.1,36.3,0.361,27.4,57.2,0.479,15.1,20.7,0.733,9.9,35.4,45.3,24.8,6.8,4.8,13.4,20.2,109.3,MIL,2019
MIA2016,Opponent/G,241.8,37.2,84.3,0.442,7.4,21.2,0.347,29.9,63.1,0.474,16.5,21.5,0.77,9.8,31.5,41.3,20.2,7.5,4.1,12.9,19.6,98.4,MIA,2016
MIA2017,Opponent/G,241.2,37.9,84.2,0.45,7.8,22.7,0.343,30.1,61.5,0.49,18.5,23.7,0.782,10.2,33.4,43.6,19.6,6.8,4.9,13.7,18.7,102.1,MIA,2017
MIA2018,Opponent/G,243.0,37.7,83.8,0.45,9.6,26.6,0.36,28.1,57.2,0.491,18.0,23.0,0.783,9.1,34.0,43.1,21.0,7.5,4.6,14.1,19.4,102.9,MIA,2018
MIA2019,Opponent/G,240.6,38.3,86.8,0.441,11.9,33.1,0.358,26.4,53.6,0.493,17.5,22.7,0.769,10.1,34.0,44.2,23.3,7.5,4.7,14.1,20.1,105.9,MIA,2019
ATL2016,Opponent/G,241.8,37.1,86.1,0.432,8.3,24.5,0.338,28.9,61.6,0.469,16.7,22.1,0.755,11.5,35.0,46.5,22.0,8.6,5.0,16.1,18.3,99.2,ATL,2016
ATL2017,Opponent/G,242.4,38.8,87.3,0.444,10.9,30.5,0.357,27.9,56.7,0.491,15.6,20.2,0.772,10.7,33.2,43.9,23.4,9.0,5.2,15.4,21.6,104.0,ATL,2017
ATL2018,Opponent/G,240.3,40.7,86.7,0.469,11.6,30.7,0.377,29.1,56.0,0.52,15.9,20.6,0.772,10.3,34.0,44.2,26.1,8.7,5.5,15.1,20.3,108.8,ATL,2018
ATL2019,Opponent/G,242.1,42.8,90.5,0.473,12.4,34.4,0.359,30.4,56.1,0.543,21.5,28.3,0.758,10.6,35.4,46.0,26.9,9.9,5.5,15.0,22.2,119.4,ATL,2019
CHO2016,Opponent/G,242.1,37.8,85.0,0.444,8.9,25.4,0.349,28.9,59.6,0.485,16.3,21.2,0.769,8.9,35.8,44.7,23.2,6.7,5.5,13.5,20.4,100.7,CHO,2016
CHO2017,Opponent/G,241.8,39.5,86.5,0.456,11.6,31.4,0.369,27.9,55.1,0.506,14.2,18.2,0.776,8.9,35.5,44.4,24.5,6.6,5.5,13.1,19.9,104.7,CHO,2017
CHO2018,Opponent/G,241.2,41.1,87.8,0.468,11.3,30.1,0.375,29.8,57.7,0.516,14.5,18.2,0.795,8.4,35.3,43.7,24.7,6.6,4.9,13.6,22.4,108.0,CHO,2018
CHO2019,Opponent/G,241.8,41.9,89.2,0.47,12.1,33.5,0.361,29.8,55.6,0.536,15.9,20.2,0.787,10.1,35.7,45.8,26.0,6.9,6.0,13.5,20.6,111.8,CHO,2019
WAS2016,Opponent/G,240.9,38.7,83.8,0.462,9.0,24.2,0.371,29.7,59.5,0.498,18.3,23.7,0.769,9.4,34.9,44.3,22.5,8.1,4.3,16.2,20.1,104.6,WAS,2016
WAS2017,Opponent/G,242.1,39.7,85.1,0.466,9.9,27.1,0.364,29.8,58.0,0.514,18.2,24.2,0.751,10.6,32.5,43.0,22.8,7.4,4.6,15.3,19.8,107.4,WAS,2017
WAS2018,Opponent/G,242.1,39.0,84.4,0.462,10.2,29.2,0.349,28.8,55.2,0.522,17.9,23.5,0.761,9.8,32.7,42.5,22.3,7.8,4.7,14.9,20.0,106.0,WAS,2018
WAS2019,Opponent/G,243.0,43.4,90.5,0.48,12.1,32.8,0.37,31.3,57.7,0.542,18.0,23.1,0.778,11.4,35.8,47.3,26.2,7.7,4.6,15.8,21.2,116.9,WAS,2019
ORL2016,Opponent/G,242.7,38.4,83.5,0.46,8.9,24.9,0.359,29.5,58.6,0.503,17.9,24.0,0.746,10.1,34.1,44.3,23.2,7.6,5.5,15.1,18.3,103.7,ORL,2016
ORL2017,Opponent/G,241.5,40.3,86.4,0.467,9.7,26.4,0.367,30.6,60.0,0.51,17.4,22.7,0.766,9.7,35.8,45.5,23.6,7.6,5.1,13.0,18.7,107.6,ORL,2017
ORL2018,Opponent/G,240.6,40.9,87.5,0.468,10.0,27.6,0.362,30.9,60.0,0.516,16.4,21.2,0.773,10.6,35.3,45.9,24.4,7.8,4.9,14.2,19.0,108.2,ORL,2018
ORL2019,Opponent/G,241.2,39.9,87.6,0.456,10.5,30.2,0.347,29.5,57.4,0.513,16.3,20.9,0.778,9.0,35.6,44.6,23.1,7.0,4.4,13.0,18.7,106.6,ORL,2019
OKC2016,Opponent/G,241.8,38.4,87.7,0.438,8.1,23.8,0.342,30.3,63.9,0.474,18.0,23.8,0.756,11.3,28.9,40.2,21.5,8.8,4.5,13.0,20.2,102.9,OKC,2016
OKC2017,Opponent/G,241.5,39.2,85.3,0.459,8.8,24.8,0.356,30.4,60.5,0.502,18.6,24.3,0.764,9.1,31.5,40.6,21.4,8.5,5.5,13.8,20.7,105.8,OKC,2017
OKC2018,Opponent/G,241.8,38.5,84.0,0.458,11.2,30.6,0.367,27.3,53.4,0.511,16.2,21.1,0.769,9.5,32.6,42.2,23.3,7.7,4.6,16.0,21.3,104.4,OKC,2018
OKC2019,Opponent/G,242.1,40.8,88.7,0.46,11.2,31.6,0.356,29.5,57.1,0.517,18.3,24.0,0.761,9.9,35.8,45.7,24.9,8.2,5.1,16.7,22.5,111.1,OKC,2019
POR2016,Opponent/G,241.5,38.4,84.7,0.453,8.5,23.0,0.371,29.8,61.7,0.484,19.0,26.0,0.734,10.6,33.1,43.7,21.6,7.7,5.2,13.3,19.5,104.3,POR,2016
POR2017,Opponent/G,243.0,39.2,86.2,0.455,9.3,25.1,0.37,29.9,61.1,0.489,20.8,26.5,0.785,10.1,33.9,44.0,20.6,7.7,5.3,12.8,19.8,108.5,POR,2017
POR2018,Opponent/G,240.9,38.4,85.9,0.447,9.7,26.6,0.364,28.7,59.3,0.484,16.6,22.0,0.755,9.3,33.6,42.9,20.2,7.3,5.1,12.6,19.1,103.0,POR,2018
POR2019,Opponent/G,242.1,41.1,90.0,0.457,10.7,29.8,0.359,30.4,60.3,0.505,17.5,22.8,0.77,10.3,32.6,42.8,23.2,7.4,5.1,12.4,20.7,110.5,POR,2019
UTA2016,Opponent/G,243.4,35.6,79.9,0.446,7.9,22.2,0.357,27.7,57.7,0.48,16.8,22.5,0.746,9.3,30.8,40.1,19.1,8.0,4.7,14.0,19.9,95.9,UTA,2016
UTA2017,Opponent/G,240.9,36.3,82.0,0.443,8.2,22.9,0.358,28.1,59.1,0.476,16.0,20.7,0.769,9.0,31.1,40.2,17.8,7.3,3.8,12.1,20.2,96.8,UTA,2017
UTA2018,Opponent/G,240.9,37.3,83.0,0.449,9.5,26.0,0.365,27.8,57.0,0.488,15.8,20.5,0.771,8.7,33.0,41.6,20.0,8.3,4.6,14.9,20.5,99.8,UTA,2018
UTA2019,Opponent/G,240.9,40.0,88.5,0.452,9.8,27.7,0.355,30.1,60.7,0.496,16.7,22.2,0.753,8.9,33.7,42.6,21.6,8.5,4.6,13.9,22.4,106.5,UTA,2019
DEN2016,Opponent/G,241.8,38.8,84.2,0.461,9.2,24.8,0.371,29.6,59.4,0.498,18.2,23.9,0.761,9.7,32.9,42.7,23.5,8.0,6.3,13.7,20.9,105.0,DEN,2016
DEN2017,Opponent/G,240.9,42.1,88.4,0.477,9.9,26.3,0.375,32.3,62.1,0.519,17.1,21.9,0.782,9.4,31.4,40.8,24.0,8.3,4.9,12.0,20.2,111.2,DEN,2017
DEN2018,Opponent/G,242.4,41.3,86.7,0.476,10.9,28.8,0.378,30.4,57.9,0.525,15.0,20.4,0.738,9.8,31.9,41.6,24.7,8.0,4.8,13.8,20.7,108.5,DEN,2018
DEN2019,Opponent/G,240.6,39.6,86.4,0.458,10.8,31.9,0.339,28.8,54.5,0.528,16.7,22.2,0.753,9.7,32.7,42.5,24.6,7.4,5.0,13.5,20.4,106.7,DEN,2019
MIN2016,Opponent/G,242.4,40.0,84.9,0.471,9.0,25.5,0.355,30.9,59.4,0.52,17.0,22.5,0.757,10.7,31.2,41.9,22.6,7.8,5.2,14.9,21.6,106.0,MIN,2016
MIN2017,Opponent/G,241.5,39.6,83.3,0.475,9.9,27.0,0.366,29.7,56.3,0.528,17.6,22.9,0.768,9.8,30.6,40.4,23.1,7.7,5.0,14.3,20.5,106.7,MIN,2017
MIN2018,Opponent/G,241.5,40.2,84.7,0.475,10.9,29.6,0.366,29.4,55.0,0.534,16.0,20.5,0.779,9.8,32.0,41.8,23.9,6.5,4.7,15.1,20.9,107.3,MIN,2018
MIN2019,Opponent/G,241.8,42.1,90.1,0.467,12.7,33.6,0.378,29.4,56.5,0.52,17.1,22.3,0.767,11.2,34.4,45.6,26.2,6.6,5.5,14.7,21.9,114.0,MIN,2019
GSW2016,Opponent/G,242.4,38.9,89.4,0.435,7.8,23.5,0.332,31.1,65.9,0.472,18.6,24.5,0.757,11.4,32.5,43.9,22.2,8.7,4.1,14.5,19.8,104.1,GSW,2016
GSW2017,Opponent/G,241.2,38.8,89.2,0.435,9.0,27.8,0.324,29.8,61.4,0.485,17.7,23.2,0.761,11.7,31.8,43.5,22.7,8.6,3.8,15.5,19.4,104.3,GSW,2017
GSW2018,Opponent/G,240.6,40.2,90.0,0.447,10.4,29.2,0.357,29.8,60.8,0.49,16.7,22.0,0.758,10.9,31.6,42.5,23.6,8.7,3.7,14.3,18.5,107.5,GSW,2018
GSW2019,Opponent/G,241.5,40.4,91.1,0.444,11.6,33.6,0.347,28.8,57.5,0.5,18.7,24.2,0.773,10.8,33.5,44.3,24.3,7.7,3.6,13.5,19.5,111.2,GSW,2019
LAC2016,Opponent/G,241.8,36.8,84.7,0.434,7.9,23.3,0.338,28.9,61.4,0.471,18.8,25.1,0.751,11.8,34.9,46.7,21.2,7.1,3.2,15.4,22.5,100.2,LAC,2016
LAC2017,Opponent/G,240.9,38.6,85.4,0.452,9.2,26.3,0.35,29.4,59.1,0.497,18.0,23.4,0.772,10.2,32.9,43.1,23.1,7.0,3.1,13.2,22.4,104.4,LAC,2017
LAC2018,Opponent/G,240.3,40.2,87.7,0.458,10.7,30.2,0.356,29.5,57.5,0.512,17.8,22.7,0.782,10.6,33.0,43.6,24.6,8.5,5.6,14.1,22.0,109.0,LAC,2018
LAC2019,Opponent/G,241.8,41.7,91.3,0.457,10.4,30.2,0.343,31.4,61.1,0.513,20.5,26.3,0.777,11.3,34.5,45.7,24.1,8.3,6.1,13.2,24.0,114.3,LAC,2019
SAC2016,Opponent/G,241.5,40.6,87.7,0.462,10.2,28.0,0.366,30.3,59.8,0.508,17.7,23.2,0.762,11.3,33.7,45.0,24.2,8.8,5.3,16.0,22.0,109.1,SAC,2016
SAC2017,Opponent/G,242.4,38.5,83.2,0.462,10.9,30.0,0.364,27.5,53.2,0.517,18.9,24.2,0.778,10.1,32.8,42.9,23.7,8.5,5.1,14.0,20.1,106.7,SAC,2017
SAC2018,Opponent/G,240.9,38.7,82.4,0.47,11.9,31.5,0.377,26.8,50.9,0.527,16.4,21.5,0.765,9.1,34.7,43.8,23.6,7.8,4.7,14.3,17.3,105.8,SAC,2018
SAC2019,Opponent/G,240.6,42.3,90.6,0.466,12.0,34.6,0.348,30.2,56.0,0.54,18.8,24.4,0.77,11.2,36.8,48.0,24.7,7.5,5.1,15.9,21.4,115.3,SAC,2019
PHO2016,Opponent/G,240.3,39.1,83.8,0.467,9.4,24.9,0.377,29.7,58.9,0.505,19.9,26.5,0.749,9.9,33.8,43.7,22.4,9.5,5.5,14.9,21.6,107.5,PHO,2016
PHO2017,Opponent/G,241.8,40.2,86.2,0.467,10.1,26.3,0.382,30.2,59.9,0.504,22.8,29.1,0.783,10.2,33.8,44.0,22.2,8.1,5.3,14.9,22.2,113.3,PHO,2017
PHO2018,Opponent/G,240.3,41.8,88.7,0.471,10.9,29.2,0.373,30.9,59.5,0.519,18.8,24.6,0.766,10.4,35.4,45.9,23.3,8.7,6.0,13.4,20.9,113.3,PHO,2018
PHO2019,Opponent/G,242.4,42.5,88.2,0.482,11.1,29.9,0.372,31.3,58.2,0.538,20.8,27.6,0.753,11.8,35.3,47.2,25.9,9.0,5.0,15.7,20.7,116.8,PHO,2019
LAL2016,Opponent/G,240.6,40.5,85.6,0.473,8.5,24.6,0.347,32.0,61.1,0.524,17.3,23.7,0.731,10.9,35.5,46.5,24.7,7.5,5.6,12.6,19.2,106.9,LAL,2016
LAL2017,Opponent/G,240.3,41.5,86.0,0.483,10.1,27.4,0.37,31.4,58.6,0.536,18.3,24.0,0.762,10.3,34.2,44.4,25.7,8.5,5.4,14.5,18.5,111.5,LAL,2017
LAL2018,Opponent/G,242.7,41.0,89.9,0.456,10.4,30.1,0.346,30.6,59.8,0.512,17.1,22.5,0.761,10.2,34.6,44.8,23.6,8.3,5.5,14.3,20.5,109.6,LAL,2018
LAL2019,Opponent/G,241.2,41.9,92.8,0.452,11.8,34.0,0.349,30.1,58.9,0.511,17.8,22.7,0.784,11.3,35.6,46.9,25.0,8.3,5.1,14.2,20.8,113.5,LAL,2019
SAS2016,Opponent/G,240.3,35.7,81.8,0.436,6.6,19.9,0.331,29.1,61.9,0.47,14.9,19.6,0.758,9.1,31.4,40.5,20.8,7.2,3.9,14.8,19.5,92.9,SAS,2016
SAS2017,Opponent/G,241.5,37.0,83.4,0.443,8.1,23.7,0.344,28.8,59.7,0.483,16.0,20.8,0.771,9.8,31.7,41.5,21.4,7.5,4.1,14.4,19.8,98.1,SAS,2017
SAS2018,Opponent/G,240.6,38.2,84.3,0.453,9.1,26.3,0.348,29.0,58.0,0.501,14.3,18.9,0.759,9.2,33.3,42.5,21.8,7.6,3.9,14.1,19.7,99.8,SAS,2018
SAS2019,Opponent/G,241.5,41.5,89.7,0.463,11.7,32.7,0.359,29.8,57.0,0.522,15.2,20.2,0.755,9.2,34.7,43.9,24.7,7.2,4.0,12.2,19.6,110.0,SAS,2019
DAL2016,Opponent/G,244.0,38.3,85.0,0.451,9.1,26.5,0.342,29.3,58.5,0.5,16.9,22.8,0.738,10.6,35.2,45.8,22.0,7.5,4.4,13.9,21.4,102.6,DAL,2016
DAL2017,Opponent/G,241.2,37.0,79.0,0.469,9.6,25.3,0.38,27.4,53.7,0.51,17.2,22.3,0.772,8.9,35.6,44.5,21.3,6.5,3.4,14.9,19.4,100.8,DAL,2017
DAL2018,Opponent/G,241.5,39.3,83.8,0.469,10.7,29.4,0.363,28.6,54.4,0.526,16.2,21.4,0.757,8.8,36.9,45.8,23.5,7.2,4.5,13.7,19.6,105.4,DAL,2018
DAL2019,Opponent/G,241.2,40.9,89.2,0.459,11.2,32.5,0.344,29.7,56.7,0.525,17.1,22.0,0.777,10.2,34.6,44.8,24.5,7.8,4.5,13.0,23.2,110.1,DAL,2019
MEM2016,Opponent/G,241.8,35.9,78.8,0.456,9.7,26.6,0.365,26.2,52.1,0.503,19.7,25.7,0.768,10.1,33.1,43.2,21.9,7.0,5.7,16.2,21.1,101.3,MEM,2016
MEM2017,Opponent/G,242.7,34.9,78.8,0.443,9.9,28.0,0.354,25.0,50.8,0.492,20.2,26.9,0.753,9.3,32.8,42.1,20.1,7.0,5.0,14.3,20.8,100.0,MEM,2017
MEM2018,Opponent/G,240.3,37.1,80.3,0.462,10.7,29.0,0.368,26.5,51.3,0.516,20.6,26.8,0.769,9.5,33.0,42.5,22.1,8.1,5.1,14.8,20.4,105.5,MEM,2018
MEM2019,Opponent/G,242.4,37.6,83.4,0.451,11.6,32.2,0.36,26.0,51.2,0.508,19.3,24.7,0.784,9.5,35.2,44.7,23.4,7.6,4.9,15.2,21.4,106.1,MEM,2019
HOU2016,Opponent/G,241.8,39.0,85.1,0.459,9.7,26.9,0.361,29.3,58.2,0.504,18.6,24.6,0.756,11.8,32.8,44.6,24.6,9.0,4.9,16.6,22.5,106.4,HOU,2016
HOU2017,Opponent/G,241.2,41.2,88.9,0.463,10.0,29.1,0.343,31.2,59.7,0.522,17.3,22.2,0.778,10.7,33.4,44.1,24.1,8.5,5.0,15.1,20.4,109.6,HOU,2017
HOU2018,Opponent/G,240.9,39.6,85.6,0.462,10.1,28.8,0.351,29.5,56.7,0.519,14.6,19.6,0.746,8.7,33.4,42.0,22.4,7.4,4.4,14.6,20.4,103.9,HOU,2018
HOU2019,Opponent/G,241.8,40.4,86.7,0.466,10.1,29.8,0.34,30.3,56.9,0.532,18.2,23.7,0.768,11.0,34.5,45.4,23.5,7.4,4.5,15.0,20.0,109.1,HOU,2019
NOP2016,Opponent/G,241.2,39.2,83.9,0.468,9.2,24.9,0.369,30.0,59.0,0.51,18.8,24.0,0.783,8.9,35.5,44.4,23.2,7.3,5.2,13.7,19.9,106.5,NOP,2016
NOP2017,Opponent/G,242.7,40.1,89.0,0.45,10.5,29.8,0.353,29.5,59.2,0.499,15.8,20.7,0.762,10.6,37.7,48.3,23.4,7.4,4.2,14.0,19.3,106.4,NOP,2017
NOP2018,Opponent/G,243.4,41.7,91.9,0.454,10.9,30.6,0.355,30.9,61.3,0.503,16.1,20.5,0.784,10.8,34.7,45.5,23.7,8.2,4.2,14.5,20.4,110.4,NOP,2018
NOP2019,Opponent/G,240.9,43.3,92.8,0.466,12.3,33.7,0.364,31.0,59.1,0.525,17.9,23.5,0.764,11.0,34.8,45.8,26.5,8.6,5.4,13.6,21.0,116.8,NOP,2019
TOR2020,Opponent/G,241.4,37.8,88.3,0.428,13.1,38.9,0.337,24.7,49.5,0.499,17.8,23.2,0.769,10.9,35.1,46.1,25.6,7.2,5.5,16.8,20.4,106.5,TOR,2020
TOR2021,Opponent/G,240.3,39.0,84.7,0.461,13.9,36.7,0.379,25.1,48.0,0.523,19.8,24.8,0.799,10.0,35.9,45.9,26.0,6.6,5.6,16.1,19.5,111.7,TOR,2021
TOR2022,Opponent/G,242.1,39.0,84.4,0.462,12.4,34.9,0.354,26.6,49.5,0.538,16.8,21.2,0.789,10.3,33.7,44.0,25.3,6.7,5.1,15.8,19.1,107.1,TOR,2022
TOR2023,Opponent/G,241.5,40.4,82.3,0.491,12.2,32.6,0.374,28.2,49.7,0.567,18.4,23.1,0.797,9.2,33.0,42.3,26.2,6.0,4.6,16.7,19.6,111.4,TOR,2023
BOS2020,Opponent/G,242.1,38.4,87.1,0.441,11.8,34.8,0.34,26.6,52.3,0.508,18.8,24.5,0.767,10.3,34.0,44.3,22.4,7.1,5.5,15.2,20.7,107.3,BOS,2020
BOS2021,Opponent/G,241.4,39.9,86.0,0.464,12.8,34.3,0.374,27.1,51.6,0.524,18.5,23.5,0.785,9.4,33.1,42.5,24.1,7.4,4.6,14.1,19.3,111.2,BOS,2021
BOS2022,Opponent/G,242.7,38.3,88.1,0.434,11.8,34.9,0.339,26.4,53.2,0.497,16.1,20.6,0.783,10.5,33.3,43.7,21.6,7.5,4.6,13.8,19.4,104.5,BOS,2022
BOS2023,Opponent/G,243.7,41.8,90.2,0.463,11.6,33.7,0.345,30.1,56.5,0.534,16.2,21.1,0.769,9.7,34.3,44.0,23.1,6.6,3.9,12.7,19.1,111.4,BOS,2023
NYK2020,Opponent/G,241.9,39.9,86.0,0.463,13.3,34.9,0.381,26.6,51.1,0.52,19.2,25.7,0.749,9.6,34.6,44.2,24.3,7.2,5.0,13.7,19.8,112.3,NYK,2020
NYK2021,Opponent/G,242.1,37.9,86.2,0.44,12.0,35.6,0.337,25.9,50.6,0.512,16.9,22.2,0.761,9.7,34.4,44.1,23.6,6.6,5.4,12.8,17.9,104.7,NYK,2021
NYK2022,Opponent/G,241.2,38.5,86.0,0.447,12.7,37.0,0.342,25.8,49.0,0.527,17.0,22.3,0.764,9.3,34.3,43.6,24.2,7.0,4.6,12.7,20.4,106.6,NYK,2022
NYK2023,Opponent/G,243.4,40.8,88.2,0.462,13.0,36.5,0.357,27.7,51.7,0.537,18.5,23.7,0.782,10.1,31.9,42.0,25.1,6.0,4.5,12.7,20.7,113.1,NYK,2023
BRK2020,Opponent/G,242.8,41.4,92.9,0.446,12.2,34.8,0.35,29.2,58.1,0.503,17.4,22.6,0.769,10.6,35.3,45.9,22.6,7.7,5.3,12.8,21.1,112.3,BRK,2020
BRK2021,Opponent/G,241.7,41.9,91.3,0.459,13.2,36.2,0.365,28.7,55.1,0.521,17.1,22.0,0.775,10.5,32.6,43.1,24.0,7.6,4.6,12.6,18.9,114.1,BRK,2021
BRK2022,Opponent/G,240.9,40.7,90.2,0.452,12.5,36.3,0.345,28.2,53.9,0.523,18.1,23.0,0.788,11.3,32.8,44.1,23.8,7.9,4.9,13.3,19.7,112.1,BRK,2022
BRK2023,Opponent/G,240.6,41.0,88.5,0.463,11.8,32.2,0.367,29.2,56.3,0.518,18.7,24.4,0.767,11.5,33.6,45.1,23.4,7.0,3.9,13.7,18.5,112.5,BRK,2023
PHI2020,Opponent/G,241.0,39.8,86.0,0.463,10.4,29.4,0.353,29.4,56.5,0.52,18.4,24.5,0.751,8.6,33.2,41.8,22.8,7.0,4.0,13.8,20.5,108.4,PHI,2020
PHI2021,Opponent/G,242.1,39.4,86.9,0.453,11.9,33.0,0.36,27.5,53.9,0.51,17.4,22.8,0.764,9.8,33.2,42.9,23.5,7.2,4.7,15.6,21.0,108.1,PHI,2021
PHI2022,Opponent/G,241.5,39.7,86.5,0.458,11.4,32.8,0.346,28.3,53.7,0.527,16.6,21.6,0.769,10.2,34.0,44.2,23.6,6.6,4.6,13.3,19.4,107.3,PHI,2022
PHI2023,Opponent/G,242.4,40.4,85.4,0.473,11.6,33.4,0.348,28.8,52.1,0.553,18.5,23.7,0.781,9.5,31.6,41.2,24.2,6.6,4.6,14.3,19.6,110.9,PHI,2023
CLE2020,Opponent/G,241.9,43.9,89.4,0.491,12.4,33.0,0.375,31.5,56.4,0.558,14.7,19.2,0.767,9.7,33.1,42.9,26.1,9.4,6.3,13.0,19.6,114.8,CLE,2020
CLE2021,Opponent/G,242.1,42.0,86.7,0.484,12.4,32.4,0.383,29.6,54.3,0.545,15.9,20.4,0.779,9.9,33.8,43.7,25.4,8.5,5.9,14.3,20.2,112.3,CLE,2021
CLE2022,Opponent/G,240.6,39.5,87.2,0.452,11.7,33.2,0.353,27.8,54.0,0.514,15.0,19.4,0.774,10.5,32.4,42.9,24.1,8.4,4.6,13.4,20.0,105.7,CLE,2022
CLE2023,Opponent/G,242.4,39.0,83.5,0.468,11.3,30.6,0.368,27.8,52.9,0.525,17.5,22.4,0.782,9.8,31.5,41.2,23.0,7.0,4.4,15.7,20.4,106.9,CLE,2023
IND2020,Opponent/G,241.4,39.5,88.5,0.446,11.5,33.6,0.341,28.0,54.8,0.511,17.0,21.6,0.788,10.4,34.9,45.2,23.1,6.9,4.6,14.7,18.8,107.5,IND,2020
IND2021,Opponent/G,242.4,42.7,91.3,0.468,11.5,31.5,0.366,31.2,59.9,0.521,18.4,23.5,0.782,11.3,35.5,46.8,26.1,7.4,5.3,14.8,18.1,115.3,IND,2021
IND2022,Opponent/G,242.4,42.5,88.0,0.483,12.0,32.3,0.372,30.5,55.7,0.547,17.9,22.5,0.797,10.2,33.0,43.1,25.1,8.1,4.9,13.3,19.2,114.9,IND,2022
IND2023,Opponent/G,240.9,43.3,89.3,0.485,12.4,33.3,0.373,30.9,56.0,0.551,20.5,25.6,0.8,12.1,33.2,45.3,26.4,7.9,5.3,15.1,20.2,119.5,IND,2023
DET2020,Opponent/G,241.9,41.9,87.3,0.48,10.7,29.6,0.361,31.3,57.8,0.541,16.2,20.9,0.777,10.1,33.4,43.5,24.6,8.2,5.6,14.0,19.8,110.8,DET,2020
DET2021,Opponent/G,242.1,41.4,86.9,0.476,11.3,31.4,0.362,30.0,55.6,0.541,17.0,22.3,0.76,10.0,34.4,44.3,24.8,8.0,5.8,13.9,20.4,111.1,DET,2021
DET2022,Opponent/G,241.2,40.6,86.0,0.473,11.8,32.5,0.362,28.9,53.5,0.54,19.5,25.1,0.777,10.3,35.9,46.3,25.1,7.4,5.2,14.6,19.8,112.5,DET,2022
DET2023,Opponent/G,241.5,43.1,88.1,0.489,12.0,33.3,0.36,31.1,54.8,0.568,20.4,26.2,0.777,11.0,33.7,44.7,25.8,7.7,5.5,13.5,21.0,118.5,DET,2023
CHI2020,Opponent/G,241.2,39.5,82.5,0.479,11.2,31.6,0.353,28.3,50.9,0.557,19.7,26.0,0.759,10.2,35.4,45.5,25.4,8.2,5.9,18.3,19.2,109.9,CHI,2020
CHI2021,Opponent/G,241.4,41.4,87.7,0.473,11.5,32.3,0.356,29.9,55.3,0.541,17.2,22.2,0.774,8.7,33.5,42.1,24.1,8.5,5.1,12.7,17.7,111.6,CHI,2021
CHI2022,Opponent/G,240.6,41.4,87.4,0.474,11.7,32.0,0.366,29.7,55.5,0.536,17.4,21.9,0.795,9.3,33.9,43.2,25.0,7.1,5.0,13.1,18.2,112.0,CHI,2022
CHI2023,Opponent/G,242.7,40.7,87.1,0.468,13.2,37.1,0.357,27.5,50.0,0.55,17.1,22.0,0.779,9.6,33.7,43.3,26.0,6.7,4.7,15.0,18.7,111.8,CHI,2023
MIL2020,Opponent/G,241.0,38.9,94.0,0.414,14.0,39.3,0.355,25.0,54.7,0.457,16.7,21.2,0.787,9.5,36.3,45.8,24.2,7.4,4.5,14.1,21.7,108.6,MIL,2020
MIL2021,Opponent/G,240.7,42.4,92.9,0.456,14.8,38.6,0.384,27.6,54.3,0.507,14.6,18.8,0.78,9.6,33.8,43.4,25.1,7.0,4.8,13.2,18.3,114.2,MIL,2021
MIL2022,Opponent/G,240.9,41.4,90.6,0.456,14.5,40.6,0.356,26.9,50.0,0.537,15.0,19.9,0.751,9.9,34.2,44.1,25.9,7.4,4.4,13.0,19.7,112.1,MIL,2022
MIL2023,Opponent/G,241.8,42.5,93.2,0.456,12.1,34.1,0.354,30.4,59.1,0.514,16.3,21.0,0.776,10.7,33.5,44.2,23.9,7.0,3.9,11.8,19.0,113.3,MIL,2023
MIA2020,Opponent/G,243.1,38.8,86.7,0.448,13.1,37.7,0.347,25.7,48.9,0.525,18.4,23.6,0.783,9.2,33.3,42.5,24.6,7.5,4.1,14.0,21.7,109.1,MIA,2020
MIA2021,Opponent/G,241.4,39.1,85.2,0.459,14.3,39.1,0.365,24.8,46.2,0.538,15.6,19.9,0.782,9.5,33.4,42.9,25.8,7.5,4.0,15.1,19.6,108.0,MIA,2021
MIA2022,Opponent/G,242.1,37.5,84.0,0.447,13.0,38.3,0.339,24.6,45.7,0.537,17.5,22.5,0.779,9.5,32.1,41.7,23.3,7.4,4.0,15.0,20.6,105.6,MIA,2022
MIA2023,Opponent/G,241.5,40.1,83.2,0.482,13.1,35.8,0.367,27.0,47.4,0.569,16.5,21.1,0.781,8.9,33.0,41.8,25.6,7.0,3.8,15.7,20.0,109.8,MIA,2023
ATL2020,Opponent/G,243.0,43.3,90.7,0.478,11.9,32.7,0.363,31.4,58.0,0.542,21.2,27.4,0.772,11.2,35.9,47.0,25.0,9.0,6.4,15.0,21.0,119.7,ATL,2020
ATL2021,Opponent/G,241.7,41.3,89.1,0.463,11.9,34.2,0.349,29.3,55.0,0.534,16.9,21.1,0.803,10.0,32.7,42.7,24.4,7.7,5.0,12.3,19.8,111.4,ATL,2021
ATL2022,Opponent/G,240.3,41.9,89.0,0.471,12.8,35.2,0.364,29.1,53.7,0.541,15.8,19.9,0.792,10.2,33.6,43.9,25.4,7.0,4.5,12.8,20.3,112.4,ATL,2022
ATL2023,Opponent/G,242.1,43.8,90.2,0.486,11.9,33.5,0.356,31.9,56.7,0.562,18.6,23.2,0.803,10.6,33.5,44.1,26.0,7.5,5.0,14.2,19.7,118.1,ATL,2023
CHO2020,Opponent/G,242.3,41.7,87.5,0.476,12.4,35.1,0.352,29.3,52.5,0.558,14.0,18.4,0.758,10.9,35.0,46.0,26.6,8.0,5.0,14.4,20.6,109.6,CHO,2020
CHO2021,Opponent/G,241.0,41.3,88.1,0.468,14.5,39.5,0.366,26.8,48.6,0.552,14.4,19.3,0.745,10.6,34.5,45.2,27.1,8.1,4.8,14.8,18.6,111.4,CHO,2021
CHO2022,Opponent/G,242.4,42.0,90.1,0.466,14.0,38.7,0.362,28.0,51.4,0.544,16.9,22.1,0.763,11.4,35.6,47.0,26.5,7.5,4.6,15.0,19.6,114.9,CHO,2022
CHO2023,Opponent/G,241.8,43.0,90.1,0.477,12.2,34.3,0.357,30.7,55.8,0.55,19.0,24.0,0.795,10.9,35.3,46.2,25.9,7.0,5.7,14.4,20.3,117.2,CHO,2023
WAS2020,Opponent/G,241.0,43.1,88.4,0.488,12.4,33.1,0.376,30.7,55.2,0.555,20.4,26.3,0.778,10.5,35.7,46.2,25.2,7.5,5.0,16.2,22.2,119.1,WAS,2020
WAS2021,Opponent/G,241.7,43.1,91.6,0.471,12.4,33.7,0.369,30.7,57.9,0.529,19.8,25.4,0.781,10.3,35.8,46.1,24.5,8.2,4.8,14.7,22.0,118.5,WAS,2021
WAS2022,Opponent/G,241.8,41.3,88.9,0.464,11.5,31.8,0.361,29.8,57.1,0.522,18.0,22.3,0.807,10.2,34.0,44.2,23.7,7.3,4.2,11.9,19.9,112.0,WAS,2022
WAS2023,Opponent/G,240.9,42.5,89.8,0.473,12.0,32.8,0.366,30.5,57.0,0.534,17.5,21.9,0.798,10.8,32.3,43.0,24.8,7.1,5.0,12.3,19.4,114.4,WAS,2023
ORL2020,Opponent/G,240.7,40.4,86.9,0.465,12.2,33.6,0.364,28.2,53.3,0.529,15.3,19.8,0.771,9.0,35.8,44.9,24.7,7.0,4.6,14.6,19.5,108.3,ORL,2020
ORL2021,Opponent/G,240.7,42.2,89.7,0.471,13.7,36.8,0.373,28.5,52.9,0.539,15.2,19.3,0.786,9.8,37.6,47.4,26.0,7.6,5.3,12.7,18.7,113.3,ORL,2021
ORL2022,Opponent/G,241.2,40.8,89.0,0.458,13.2,36.3,0.363,27.6,52.7,0.524,17.4,22.6,0.772,10.4,36.8,47.1,24.8,8.0,5.2,13.2,18.3,112.2,ORL,2022
ORL2023,Opponent/G,241.2,41.3,86.9,0.476,13.0,37.0,0.351,28.4,50.0,0.567,18.3,23.0,0.796,9.5,32.5,42.0,25.9,7.7,5.1,14.7,20.5,114.0,ORL,2023
OKC2020,Opponent/G,242.1,40.8,89.6,0.455,11.3,33.3,0.34,29.5,56.4,0.523,15.5,19.6,0.795,10.5,34.3,44.8,23.0,7.0,4.0,14.2,22.8,108.4,OKC,2020
OKC2021,Opponent/G,241.0,43.4,91.7,0.473,13.6,37.3,0.364,29.8,54.4,0.548,15.3,19.8,0.773,10.1,37.0,47.1,25.8,9.0,5.3,13.1,18.6,115.6,OKC,2021
OKC2022,Opponent/G,241.5,41.4,90.5,0.458,13.6,38.7,0.353,27.8,51.8,0.536,15.3,19.9,0.771,11.0,37.3,48.4,26.1,8.5,6.0,13.2,17.8,111.8,OKC,2022
OKC2023,Opponent/G,242.1,41.9,88.4,0.474,12.9,36.0,0.358,29.0,52.4,0.553,19.6,25.5,0.771,12.0,34.6,46.6,25.9,7.0,5.5,16.8,20.4,116.4,OKC,2023
POR2020,Opponent/G,241.0,41.8,91.6,0.456,13.6,35.4,0.383,28.2,56.2,0.501,19.1,24.7,0.771,11.5,35.4,46.9,24.9,6.8,4.9,12.9,20.1,116.1,POR,2020
POR2021,Opponent/G,240.3,41.8,88.3,0.473,12.9,34.6,0.372,28.9,53.6,0.538,17.9,22.8,0.787,9.9,35.5,45.4,24.9,6.1,4.6,12.4,19.1,114.3,POR,2021
POR2022,Opponent/G,240.6,41.1,85.9,0.479,13.8,37.1,0.371,27.4,48.8,0.561,19.1,24.6,0.777,9.8,35.0,44.7,26.6,8.2,5.0,14.0,19.4,115.1,POR,2022
POR2023,Opponent/G,240.6,43.0,87.5,0.491,12.5,33.1,0.379,30.4,54.4,0.559,19.0,24.1,0.787,10.5,32.8,43.2,27.0,7.8,4.3,13.5,20.5,117.4,POR,2023
UTA2020,Opponent/G,241.0,40.7,89.1,0.457,11.0,31.0,0.353,29.7,58.1,0.512,16.5,21.5,0.767,9.6,33.1,42.7,21.5,7.9,4.6,12.3,20.8,108.8,UTA,2020
UTA2021,Opponent/G,241.0,40.9,91.4,0.447,10.9,31.8,0.341,30.0,59.6,0.504,14.5,18.9,0.768,9.8,32.8,42.6,22.3,7.7,3.9,11.5,19.0,107.2,UTA,2021
UTA2022,Opponent/G,240.6,40.4,89.2,0.453,12.1,34.6,0.35,28.3,54.6,0.518,14.6,19.3,0.758,9.9,31.7,41.6,23.4,7.8,4.3,12.0,20.3,107.6,UTA,2022
UTA2023,Opponent/G,241.5,43.4,91.6,0.473,12.5,34.5,0.361,30.9,57.1,0.54,18.8,24.3,0.776,11.2,32.2,43.5,25.0,7.8,4.9,12.6,20.5,118.0,UTA,2023
DEN2020,Opponent/G,243.1,40.0,86.5,0.463,12.1,33.9,0.358,27.9,52.6,0.53,17.1,22.5,0.759,10.1,32.6,42.6,25.4,7.2,4.4,14.3,20.5,109.2,DEN,2020
DEN2021,Opponent/G,242.8,40.0,85.4,0.469,13.0,35.7,0.363,27.1,49.7,0.545,17.1,22.1,0.773,9.1,32.1,41.2,25.9,7.5,4.5,14.1,19.2,110.1,DEN,2021
DEN2022,Opponent/G,241.5,41.1,87.4,0.47,11.8,34.2,0.346,29.2,53.2,0.549,16.5,21.7,0.757,9.7,32.7,42.4,25.4,7.9,4.8,12.8,19.9,110.4,DEN,2022
DEN2023,Opponent/G,240.9,41.7,87.4,0.478,11.4,33.1,0.344,30.4,54.3,0.559,17.6,22.7,0.775,10.1,30.7,40.8,25.7,7.9,4.2,13.5,19.5,112.5,DEN,2023
MIN2020,Opponent/G,243.1,43.1,90.4,0.477,11.6,31.9,0.363,31.6,58.5,0.539,19.7,25.2,0.783,10.1,37.2,47.3,24.4,7.8,5.5,15.5,21.6,117.5,MIN,2020
MIN2021,Opponent/G,241.7,43.0,89.3,0.482,13.1,33.5,0.392,29.9,55.8,0.536,18.5,23.5,0.786,10.0,35.8,45.8,26.8,7.6,5.5,15.3,19.9,117.7,MIN,2021
MIN2022,Opponent/G,241.2,40.2,87.4,0.46,13.1,37.3,0.35,27.2,50.0,0.543,19.8,25.4,0.78,11.0,34.9,45.9,26.2,7.2,4.8,16.3,20.9,113.3,MIN,2022
MIN2023,Opponent/G,241.8,41.8,88.7,0.471,12.3,33.3,0.369,29.5,55.5,0.532,19.9,26.0,0.766,11.3,33.3,44.7,25.0,8.2,4.1,15.4,20.2,115.8,MIN,2023
GSW2020,Opponent/G,241.9,42.2,88.6,0.476,13.5,34.8,0.389,28.7,53.8,0.533,17.1,21.9,0.783,10.2,36.3,46.5,26.1,8.2,4.9,15.6,20.1,115.0,GSW,2020
GSW2021,Opponent/G,240.3,40.2,89.0,0.452,12.4,34.5,0.359,27.9,54.5,0.511,19.8,25.5,0.778,10.7,36.6,47.3,23.8,7.9,4.3,15.0,19.5,112.7,GSW,2021
GSW2022,Opponent/G,240.6,37.9,86.6,0.438,12.2,36.0,0.339,25.7,50.6,0.509,17.4,22.9,0.759,9.7,33.0,42.6,22.9,7.9,3.9,14.5,18.0,105.5,GSW,2022
GSW2023,Opponent/G,241.8,42.4,90.5,0.469,12.9,35.5,0.364,29.5,55.0,0.536,19.4,25.2,0.769,10.7,32.6,43.3,25.7,7.9,4.0,14.3,18.4,117.1,GSW,2023
LAC2020,Opponent/G,241.4,39.5,90.2,0.438,12.3,35.6,0.345,27.2,54.6,0.499,18.5,24.5,0.756,10.7,34.6,45.3,23.7,7.5,4.7,14.1,22.9,109.9,LAC,2020
LAC2021,Opponent/G,240.0,40.1,86.4,0.464,11.6,32.5,0.356,28.5,53.9,0.529,16.1,20.7,0.777,9.2,32.0,41.2,22.9,7.1,4.2,12.8,18.1,107.8,LAC,2021
LAC2022,Opponent/G,241.2,40.8,90.6,0.45,11.7,33.9,0.345,29.1,56.7,0.513,15.2,19.6,0.775,12.0,35.1,47.1,24.1,7.7,4.1,13.6,18.5,108.4,LAC,2022
LAC2023,Opponent/G,241.8,41.8,88.3,0.474,12.2,33.4,0.365,29.6,54.9,0.539,17.2,22.3,0.771,10.2,32.9,43.1,25.0,7.8,4.2,13.0,19.6,113.1,LAC,2023
SAC2020,Opponent/G,242.4,40.3,85.5,0.471,12.4,34.8,0.357,27.8,50.7,0.549,19.2,24.3,0.79,9.1,34.5,43.5,24.9,7.7,4.2,15.2,19.5,112.1,SAC,2020
SAC2021,Opponent/G,240.3,43.6,89.4,0.488,12.4,32.6,0.38,31.2,56.8,0.549,17.8,22.7,0.787,10.7,34.6,45.2,25.3,7.6,4.7,13.7,18.7,117.4,SAC,2021
SAC2022,Opponent/G,241.5,43.4,90.6,0.479,13.0,34.9,0.372,30.4,55.7,0.547,15.9,20.5,0.776,10.6,35.3,45.8,25.3,8.1,4.8,13.5,20.3,115.8,SAC,2022
SAC2023,Opponent/G,241.8,43.8,88.9,0.492,12.5,33.4,0.373,31.3,55.5,0.564,18.1,23.0,0.787,9.7,32.5,42.2,26.7,7.3,4.2,14.2,20.9,118.1,SAC,2023
PHO2020,Opponent/G,241.0,41.2,87.4,0.472,11.6,32.0,0.363,29.6,55.4,0.535,19.3,24.5,0.788,9.1,34.2,43.3,23.6,7.9,5.5,15.6,22.6,113.4,PHO,2020
PHO2021,Opponent/G,242.8,40.5,86.8,0.467,11.6,32.8,0.354,28.9,54.0,0.535,16.8,21.7,0.778,9.4,33.3,42.7,22.9,6.9,3.6,13.6,18.0,109.5,PHO,2021
PHO2022,Opponent/G,240.6,39.2,88.3,0.444,11.6,34.2,0.34,27.6,54.1,0.51,17.3,22.7,0.761,10.5,33.9,44.5,22.9,7.5,4.0,14.7,18.9,107.3,PHO,2022
PHO2023,Opponent/G,241.2,40.0,85.9,0.466,11.4,32.0,0.357,28.6,53.9,0.53,20.1,25.6,0.786,10.2,32.6,42.9,23.4,7.2,4.0,14.4,19.9,111.6,PHO,2023
LAL2020,Opponent/G,240.7,39.1,87.1,0.448,11.6,33.4,0.349,27.4,53.7,0.51,17.9,22.9,0.781,9.4,32.9,42.3,23.4,8.2,3.7,15.9,21.7,107.6,LAL,2020
LAL2021,Opponent/G,242.4,39.8,86.4,0.46,11.4,32.2,0.352,28.4,54.2,0.524,15.9,20.5,0.776,8.8,33.2,42.0,24.7,8.2,4.5,15.2,21.3,106.8,LAL,2021
LAL2022,Opponent/G,243.7,42.6,90.5,0.47,12.6,35.8,0.352,30.0,54.7,0.548,17.4,23.3,0.747,11.0,35.6,46.6,26.3,8.3,4.1,14.0,20.1,115.1,LAL,2022
LAL2023,Opponent/G,242.4,44.0,93.9,0.469,12.5,36.5,0.344,31.5,57.4,0.548,16.1,20.8,0.773,11.1,33.8,44.9,25.7,7.6,5.1,12.6,21.5,116.6,LAL,2023
SAS2020,Opponent/G,242.5,42.3,90.2,0.469,13.1,35.1,0.373,29.2,55.1,0.53,17.4,22.5,0.777,9.4,35.9,45.3,25.7,6.8,4.3,13.2,20.1,115.2,SAS,2020
SAS2021,Opponent/G,242.8,42.4,89.8,0.472,12.3,32.6,0.377,30.1,57.2,0.527,15.7,20.7,0.758,10.2,37.2,47.4,24.8,6.3,5.1,13.2,18.6,112.8,SAS,2021
SAS2022,Opponent/G,241.5,42.5,91.2,0.466,12.1,33.6,0.36,30.4,57.5,0.528,16.0,20.9,0.767,11.4,35.4,46.8,24.0,7.3,4.9,13.8,18.9,113.0,SAS,2022
SAS2023,Opponent/G,242.1,46.1,91.0,0.507,12.6,32.3,0.391,33.5,58.6,0.571,18.2,23.7,0.77,10.7,34.3,45.0,26.8,8.1,5.3,13.8,18.5,123.1,SAS,2023
DAL2020,Opponent/G,242.3,41.9,91.6,0.458,12.3,34.9,0.351,29.7,56.7,0.523,16.0,21.0,0.76,10.4,35.0,45.4,23.9,7.0,4.1,11.9,21.3,112.1,DAL,2020
DAL2021,Opponent/G,240.3,40.1,87.1,0.46,12.8,35.2,0.365,27.2,51.8,0.525,17.2,22.5,0.764,9.8,34.2,43.9,22.7,7.3,3.7,12.6,20.1,110.2,DAL,2021
DAL2022,Opponent/G,240.9,39.0,85.4,0.457,10.9,32.1,0.34,28.1,53.2,0.527,15.8,20.6,0.767,9.5,34.1,43.6,23.5,7.0,3.7,13.1,20.1,104.7,DAL,2022
DAL2023,Opponent/G,243.0,41.8,86.2,0.485,11.1,31.7,0.352,30.6,54.5,0.562,19.5,25.0,0.781,10.1,34.6,44.7,24.9,6.4,3.8,13.1,21.8,114.1,DAL,2023
MEM2020,Opponent/G,240.7,40.6,90.3,0.45,12.9,35.3,0.365,27.7,55.0,0.504,19.6,25.0,0.782,10.4,34.5,44.9,24.8,8.0,5.3,14.8,20.2,113.7,MEM,2020
MEM2021,Opponent/G,241.7,41.0,88.7,0.462,12.9,35.1,0.367,28.2,53.6,0.525,17.4,22.1,0.788,9.8,34.9,44.7,25.4,7.7,5.2,14.8,18.3,112.3,MEM,2021
MEM2022,Opponent/G,241.2,40.3,88.6,0.455,12.0,34.5,0.349,28.3,54.2,0.522,17.3,22.4,0.771,10.0,33.0,43.0,25.0,7.2,6.0,15.1,19.8,109.9,MEM,2022
MEM2023,Opponent/G,241.2,40.7,89.8,0.453,13.0,36.6,0.355,27.7,53.3,0.521,18.5,23.5,0.787,11.0,33.4,44.4,26.4,6.8,5.2,15.1,20.0,113.0,MEM,2023
HOU2020,Opponent/G,241.4,42.3,91.5,0.462,12.2,35.0,0.349,30.1,56.5,0.532,18.0,23.7,0.761,11.2,36.7,47.9,25.3,8.0,4.9,16.2,21.0,114.8,HOU,2020
HOU2021,Opponent/G,240.3,42.7,89.0,0.48,13.4,35.2,0.382,29.3,53.9,0.544,17.9,22.8,0.783,9.9,37.7,47.6,25.8,8.5,5.3,14.7,19.3,116.7,HOU,2021
HOU2022,Opponent/G,240.9,43.4,89.9,0.483,12.8,36.2,0.353,30.7,53.8,0.57,18.5,23.7,0.782,11.2,34.5,45.7,25.6,9.5,5.8,14.1,22.1,118.2,HOU,2022
HOU2023,Opponent/G,240.9,42.4,88.1,0.482,14.5,38.8,0.374,27.9,49.3,0.567,19.2,24.2,0.794,10.5,31.0,41.5,26.1,8.8,6.2,13.2,20.6,118.6,HOU,2023
NOP2020,Opponent/G,242.1,42.7,91.8,0.465,12.2,33.9,0.361,30.5,58.0,0.526,19.4,24.7,0.789,10.1,34.7,44.8,24.5,8.5,4.8,14.5,21.1,117.1,NOP,2020
NOP2021,Opponent/G,242.1,41.9,89.3,0.469,14.5,38.1,0.38,27.4,51.2,0.535,16.6,21.1,0.79,8.9,32.9,41.8,25.9,7.7,5.9,13.3,21.3,114.9,NOP,2021
NOP2022,Opponent/G,240.9,40.3,85.5,0.471,13.0,35.5,0.365,27.3,50.0,0.546,16.8,21.4,0.786,9.3,32.5,41.8,24.9,7.4,4.8,14.2,20.5,110.3,NOP,2022
NOP2023,Opponent/G,242.1,40.9,86.6,0.472,12.2,36.0,0.339,28.7,50.6,0.567,18.4,23.6,0.779,9.7,32.1,41.8,24.9,7.3,4.7,15.0,20.4,112.5,NOP,2023
