PHIBOS20181016,PHI,BOS,20181016,87,105
OKCGSW20181016,OKC,GSW,20181016,100,108
MILCHO20181017,MIL,CHO,20181017,113,112
BRKDET20181017,BRK,DET,20181017,100,103
MEMIND20181017,MEM,IND,20181017,83,111
MIAORL20181017,MIA,ORL,20181017,101,104
ATLNYK20181017,ATL,NYK,20181017,107,126
CLETOR20181017,CLE,TOR,20181017,104,116
NOPHOU20181017,NOP,HOU,20181017,131,112
MINSAS20181017,MIN,SAS,20181017,108,112
UTASAC20181017,UTA,SAC,20181017,123,117
DENLAC20181017,DEN,LAC,20181017,107,98
DALPHO20181017,DAL,PHO,20181017,100,121
CHIPHI20181018,CHI,PHI,20181018,108,127
MIAWAS20181018,MIA,WAS,20181018,113,112
LALPOR20181018,LAL,POR,20181018,119,128
CHOORL20181019,CHO,ORL,20181019,120,88
NYKBRK20181019,NYK,BRK,20181019,105,107
ATLMEM20181019,ATL,MEM,20181019,117,131
CLEMIN20181019,CLE,MIN,20181019,123,131
SACNOP20181019,SAC,NOP,20181019,129,149
BOSTOR20181019,BOS,TOR,20181019,101,113
INDMIL20181019,IND,MIL,20181019,101,118
OKCLAC20181019,OKC,LAC,20181019,92,108
GSWUTA20181019,GSW,UTA,20181019,124,123
BRKIND20181020,BRK,IND,20181020,112,132
TORWAS20181020,TOR,WAS,20181020,117,113
BOSNYK20181020,BOS,NYK,20181020,103,101
ORLPHI20181020,ORL,PHI,20181020,115,116
DETCHI20181020,DET,CHI,20181020,118,116
CHOMIA20181020,CHO,MIA,20181020,113,112
MINDAL20181020,MIN,DAL,20181020,136,140
PHODEN20181020,PHO,DEN,20181020,91,119
SASPOR20181020,SAS,POR,20181020,108,121
HOULAL20181020,HOU,LAL,20181020,124,115
ATLCLE20181021,ATL,CLE,20181021,133,111
SACOKC20181021,SAC,OKC,20181021,131,120
GSWDEN20181021,GSW,DEN,20181021,98,100
HOULAC20181021,HOU,LAC,20181021,112,115
ORLBOS20181022,ORL,BOS,20181022,93,90
CHOTOR20181022,CHO,TOR,20181022,106,127
NYKMIL20181022,NYK,MIL,20181022,113,124
INDMIN20181022,IND,MIN,20181022,91,101
CHIDAL20181022,CHI,DAL,20181022,109,115
MEMUTA20181022,MEM,UTA,20181022,92,84
WASPOR20181022,WAS,POR,20181022,125,124
PHOGSW20181022,PHO,GSW,20181022,103,123
SASLAL20181022,SAS,LAL,20181022,143,142
PHIDET20181023,PHI,DET,20181023,132,133
LACNOP20181023,LAC,NOP,20181023,109,116
SACDEN20181023,SAC,DEN,20181023,112,126
DALATL20181024,DAL,ATL,20181024,104,111
BRKCLE20181024,BRK,CLE,20181024,102,86
NYKMIA20181024,NYK,MIA,20181024,87,110
MINTOR20181024,MIN,TOR,20181024,105,112
CHOCHI20181024,CHO,CHI,20181024,110,112
UTAHOU20181024,UTA,HOU,20181024,100,89
INDSAS20181024,IND,SAS,20181024,116,96
PHIMIL20181024,PHI,MIL,20181024,108,123
LALPHO20181024,LAL,PHO,20181024,131,113
MEMSAC20181024,MEM,SAC,20181024,92,97
WASGSW20181024,WAS,GSW,20181024,122,144
CLEDET20181025,CLE,DET,20181025,103,110
PORORL20181025,POR,ORL,20181025,128,114
BOSOKC20181025,BOS,OKC,20181025,101,95
DENLAL20181025,DEN,LAL,20181025,114,121
CHICHO20181026,CHI,CHO,20181026,106,135
GSWNYK20181026,GSW,NYK,20181026,128,100
DALTOR20181026,DAL,TOR,20181026,107,116
LACHOU20181026,LAC,HOU,20181026,133,113
MILMIN20181026,MIL,MIN,20181026,125,95
BRKNOP20181026,BRK,NOP,20181026,115,117
WASSAC20181026,WAS,SAC,20181026,112,116
BOSDET20181027,BOS,DET,20181027,109,89
UTANOP20181027,UTA,NOP,20181027,132,111
CHIATL20181027,CHI,ATL,20181027,97,85
INDCLE20181027,IND,CLE,20181027,119,107
CHOPHI20181027,CHO,PHI,20181027,103,105
PHOMEM20181027,PHO,MEM,20181027,96,117
PORMIA20181027,POR,MIA,20181027,111,120
ORLMIL20181027,ORL,MIL,20181027,91,113
LALSAS20181027,LAL,SAS,20181027,106,110
GSWBRK20181028,GSW,BRK,20181028,120,114
UTADAL20181028,UTA,DAL,20181028,113,104
PHOOKC20181028,PHO,OKC,20181028,110,117
WASLAC20181028,WAS,LAC,20181028,104,136
PORIND20181029,POR,IND,20181029,103,93
ATLPHI20181029,ATL,PHI,20181029,92,113
SACMIA20181029,SAC,MIA,20181029,123,113
BRKNYK20181029,BRK,NYK,20181029,96,115
GSWCHI20181029,GSW,CHI,20181029,149,124
TORMIL20181029,TOR,MIL,20181029,109,124
LALMIN20181029,LAL,MIN,20181029,120,124
DALSAS20181029,DAL,SAS,20181029,108,113
NOPDEN20181029,NOP,DEN,20181029,111,116
MIACHO20181030,MIA,CHO,20181030,113,125
ATLCLE20181030,ATL,CLE,20181030,114,136
SACORL20181030,SAC,ORL,20181030,107,99
DETBOS20181030,DET,BOS,20181030,105,108
PHITOR20181030,PHI,TOR,20181030,112,129
PORHOU20181030,POR,HOU,20181030,104,85
WASMEM20181030,WAS,MEM,20181030,95,107
LACOKC20181030,LAC,OKC,20181030,110,128
DETBRK20181031,DET,BRK,20181031,119,120
DENCHI20181031,DEN,CHI,20181031,108,107
UTAMIN20181031,UTA,MIN,20181031,125,128
INDNYK20181031,IND,NYK,20181031,107,101
NOPGSW20181031,NOP,GSW,20181031,121,131
DALLAL20181031,DAL,LAL,20181031,113,114
SASPHO20181031,SAS,PHO,20181031,120,90
OKCCHO20181101,OKC,CHO,20181101,111,107
DENCLE20181101,DEN,CLE,20181101,110,91
LACPHI20181101,LAC,PHI,20181101,113,122
SACATL20181101,SAC,ATL,20181101,146,115
MILBOS20181101,MIL,BOS,20181101,113,117
NOPPOR20181101,NOP,POR,20181101,119,132
LACORL20181102,LAC,ORL,20181102,120,95
HOUBRK20181102,HOU,BRK,20181102,119,111
INDCHI20181102,IND,CHI,20181102,107,105
OKCWAS20181102,OKC,WAS,20181102,134,111
NYKDAL20181102,NYK,DAL,20181102,118,106
MEMUTA20181102,MEM,UTA,20181102,110,100
TORPHO20181102,TOR,PHO,20181102,107,98
MINGSW20181102,MIN,GSW,20181102,99,116
DETPHI20181103,DET,PHI,20181103,99,109
CLECHO20181103,CLE,CHO,20181103,94,126
BOSIND20181103,BOS,IND,20181103,101,102
MIAATL20181103,MIA,ATL,20181103,118,123
HOUCHI20181103,HOU,CHI,20181103,96,88
NOPSAS20181103,NOP,SAS,20181103,95,109
UTADEN20181103,UTA,DEN,20181103,88,103
LALPOR20181103,LAL,POR,20181103,114,110
SACMIL20181104,SAC,MIL,20181104,109,144
PHIBRK20181104,PHI,BRK,20181104,97,122
NYKWAS20181104,NYK,WAS,20181104,95,108
ORLSAS20181104,ORL,SAS,20181104,117,110
MEMPHO20181104,MEM,PHO,20181104,100,102
MINPOR20181104,MIN,POR,20181104,81,111
TORLAL20181104,TOR,LAL,20181104,121,107
MIADET20181105,MIA,DET,20181105,120,115
HOUIND20181105,HOU,IND,20181105,98,94
CLEORL20181105,CLE,ORL,20181105,100,102
CHINYK20181105,CHI,NYK,20181105,116,115
NOPOKC20181105,NOP,OKC,20181105,116,122
BOSDEN20181105,BOS,DEN,20181105,107,115
TORUTA20181105,TOR,UTA,20181105,124,111
MEMGSW20181105,MEM,GSW,20181105,101,117
MINLAC20181105,MIN,LAC,20181105,109,120
ATLCHO20181106,ATL,CHO,20181106,102,113
WASDAL20181106,WAS,DAL,20181106,100,119
BRKPHO20181106,BRK,PHO,20181106,104,82
MILPOR20181106,MIL,POR,20181106,103,118
OKCCLE20181107,OKC,CLE,20181107,95,86
DETORL20181107,DET,ORL,20181107,103,96
NYKATL20181107,NYK,ATL,20181107,112,107
SASMIA20181107,SAS,MIA,20181107,88,95
PHIIND20181107,PHI,IND,20181107,100,94
DENMEM20181107,DEN,MEM,20181107,87,89
CHINOP20181107,CHI,NOP,20181107,98,107
DALUTA20181107,DAL,UTA,20181107,102,117
TORSAC20181107,TOR,SAC,20181107,114,105
MINLAL20181107,MIN,LAL,20181107,110,114
HOUOKC20181108,HOU,OKC,20181108,80,98
BOSPHO20181108,BOS,PHO,20181108,116,109
LACPOR20181108,LAC,POR,20181108,105,116
MILGSW20181108,MIL,GSW,20181108,134,111
WASORL20181109,WAS,ORL,20181109,108,117
CHOPHI20181109,CHO,PHI,20181109,132,133
DETATL20181109,DET,ATL,20181109,124,109
INDMIA20181109,IND,MIA,20181109,110,102
BRKDEN20181109,BRK,DEN,20181109,112,110
BOSUTA20181109,BOS,UTA,20181109,115,123
MINSAC20181109,MIN,SAC,20181109,110,121
NYKTOR20181110,NYK,TOR,20181110,112,128
MILLAC20181110,MIL,LAC,20181110,126,128
PHONOP20181110,PHO,NOP,20181110,99,119
CLECHI20181110,CLE,CHI,20181110,98,99
PHIMEM20181110,PHI,MEM,20181110,106,112
WASMIA20181110,WAS,MIA,20181110,116,110
BRKGSW20181110,BRK,GSW,20181110,100,116
HOUSAS20181110,HOU,SAS,20181110,89,96
OKCDAL20181110,OKC,DAL,20181110,96,111
LALSAC20181110,LAL,SAC,20181110,101,86
CHODET20181111,CHO,DET,20181111,113,103
INDHOU20181111,IND,HOU,20181111,103,115
ORLNYK20181111,ORL,NYK,20181111,115,89
MILDEN20181111,MIL,DEN,20181111,121,114
BOSPOR20181111,BOS,POR,20181111,94,100
ATLLAL20181111,ATL,LAL,20181111,106,107
ORLWAS20181112,ORL,WAS,20181112,109,117
PHIMIA20181112,PHI,MIA,20181112,124,114
NOPTOR20181112,NOP,TOR,20181112,126,110
DALCHI20181112,DAL,CHI,20181112,103,98
UTAMEM20181112,UTA,MEM,20181112,96,88
BRKMIN20181112,BRK,MIN,20181112,113,120
PHOOKC20181112,PHO,OKC,20181112,101,118
SASSAC20181112,SAS,SAC,20181112,99,104
GSWLAC20181112,GSW,LAC,20181112,116,121
CHOCLE20181113,CHO,CLE,20181113,89,113
HOUDEN20181113,HOU,DEN,20181113,109,99
ATLGSW20181113,ATL,GSW,20181113,103,110
PHIORL20181114,PHI,ORL,20181114,106,111
CLEWAS20181114,CLE,WAS,20181114,95,119
CHIBOS20181114,CHI,BOS,20181114,82,111
MIABRK20181114,MIA,BRK,20181114,120,107
DETTOR20181114,DET,TOR,20181114,106,104
MEMMIL20181114,MEM,MIL,20181114,116,113
NOPMIN20181114,NOP,MIN,20181114,100,107
NYKOKC20181114,NYK,OKC,20181114,103,128
UTADAL20181114,UTA,DAL,20181114,68,118
SASPHO20181114,SAS,PHO,20181114,96,116
PORLAL20181114,POR,LAL,20181114,117,126
GSWHOU20181115,GSW,HOU,20181115,86,107
ATLDEN20181115,ATL,DEN,20181115,93,138
SASLAC20181115,SAS,LAC,20181115,111,116
TORBOS20181116,TOR,BOS,20181116,116,123
MIAIND20181116,MIA,IND,20181116,91,99
UTAPHI20181116,UTA,PHI,20181116,107,113
BRKWAS20181116,BRK,WAS,20181116,115,104
SACMEM20181116,SAC,MEM,20181116,104,112
PORMIN20181116,POR,MIN,20181116,96,112
NYKNOP20181116,NYK,NOP,20181116,124,129
CHIMIL20181116,CHI,MIL,20181116,104,123
LACBRK20181117,LAC,BRK,20181117,127,119
PHICHO20181117,PHI,CHO,20181117,122,119
ATLIND20181117,ATL,IND,20181117,89,97
DENNOP20181117,DEN,NOP,20181117,115,125
LALORL20181117,LAL,ORL,20181117,117,130
UTABOS20181117,UTA,BOS,20181117,98,86
TORCHI20181117,TOR,CHI,20181117,122,83
SACHOU20181117,SAC,HOU,20181117,112,132
GSWDAL20181117,GSW,DAL,20181117,109,112
OKCPHO20181117,OKC,PHO,20181117,110,100
MEMMIN20181118,MEM,MIN,20181118,100,87
LALMIA20181118,LAL,MIA,20181118,113,97
NYKORL20181118,NYK,ORL,20181118,117,131
PORWAS20181118,POR,WAS,20181118,119,109
GSWSAS20181118,GSW,SAS,20181118,92,104
BOSCHO20181119,BOS,CHO,20181119,112,117
CLEDET20181119,CLE,DET,20181119,102,113
UTAIND20181119,UTA,IND,20181119,94,121
PHOPHI20181119,PHO,PHI,20181119,114,119
LACATL20181119,LAC,ATL,20181119,127,119
DALMEM20181119,DAL,MEM,20181119,88,98
DENMIL20181119,DEN,MIL,20181119,98,104
SASNOP20181119,SAS,NOP,20181119,126,140
OKCSAC20181119,OKC,SAC,20181119,113,117
TORORL20181120,TOR,ORL,20181120,93,91
LACWAS20181120,LAC,WAS,20181120,118,125
BRKMIA20181120,BRK,MIA,20181120,104,92
PORNYK20181120,POR,NYK,20181120,118,114
INDCHO20181121,IND,CHO,20181121,109,127
NOPPHI20181121,NOP,PHI,20181121,120,121
TORATL20181121,TOR,ATL,20181121,124,108
NYKBOS20181121,NYK,BOS,20181121,117,109
PHOCHI20181121,PHO,CHI,20181121,116,124
LALCLE20181121,LAL,CLE,20181121,109,105
DETHOU20181121,DET,HOU,20181121,124,126
PORMIL20181121,POR,MIL,20181121,100,143
DENMIN20181121,DEN,MIN,20181121,103,101
BRKDAL20181121,BRK,DAL,20181121,113,119
MEMSAS20181121,MEM,SAS,20181121,104,103
SACUTA20181121,SAC,UTA,20181121,119,110
OKCGSW20181121,OKC,GSW,20181121,123,95
MINBRK20181123,MIN,BRK,20181123,112,102
MEMLAC20181123,MEM,LAC,20181123,107,112
HOUDET20181123,HOU,DET,20181123,111,116
BOSATL20181123,BOS,ATL,20181123,114,96
NOPNYK20181123,NOP,NYK,20181123,109,114
CLEPHI20181123,CLE,PHI,20181123,121,112
WASTOR20181123,WAS,TOR,20181123,107,125
MIACHI20181123,MIA,CHI,20181123,103,96
SASIND20181123,SAS,IND,20181123,111,100
CHOOKC20181123,CHO,OKC,20181123,104,109
PHOMIL20181123,PHO,MIL,20181123,116,114
ORLDEN20181123,ORL,DEN,20181123,87,112
PORGSW20181123,POR,GSW,20181123,97,125
UTALAL20181123,UTA,LAL,20181123,83,90
HOUCLE20181124,HOU,CLE,20181124,108,117
CHIMIN20181124,CHI,MIN,20181124,96,111
DENOKC20181124,DEN,OKC,20181124,105,98
NOPWAS20181124,NOP,WAS,20181124,114,124
BOSDAL20181124,BOS,DAL,20181124,104,113
SACGSW20181124,SAC,GSW,20181124,116,117
SASMIL20181124,SAS,MIL,20181124,129,135
ORLLAL20181125,ORL,LAL,20181125,108,104
PHODET20181125,PHO,DET,20181125,107,118
CHOATL20181125,CHO,ATL,20181125,123,124
PHIBRK20181125,PHI,BRK,20181125,127,125
NYKMEM20181125,NYK,MEM,20181125,103,98
MIATOR20181125,MIA,TOR,20181125,115,125
UTASAC20181125,UTA,SAC,20181125,133,112
LACPOR20181125,LAC,POR,20181125,104,100
MILCHO20181126,MIL,CHO,20181126,107,110
MINCLE20181126,MIN,CLE,20181126,102,95
HOUWAS20181126,HOU,WAS,20181126,131,135
SASCHI20181126,SAS,CHI,20181126,108,107
BOSNOP20181126,BOS,NOP,20181126,124,107
INDUTA20181126,IND,UTA,20181126,121,88
ORLGSW20181126,ORL,GSW,20181126,110,116
NYKDET20181127,NYK,DET,20181127,108,115
ATLMIA20181127,ATL,MIA,20181127,115,113
TORMEM20181127,TOR,MEM,20181127,122,114
LALDEN20181127,LAL,DEN,20181127,85,117
INDPHO20181127,IND,PHO,20181127,109,104
ATLCHO20181128,ATL,CHO,20181128,94,108
NYKPHI20181128,NYK,PHI,20181128,91,117
UTABRK20181128,UTA,BRK,20181128,101,91
DALHOU20181128,DAL,HOU,20181128,128,108
CHIMIL20181128,CHI,MIL,20181128,113,116
SASMIN20181128,SAS,MIN,20181128,89,128
WASNOP20181128,WAS,NOP,20181128,104,125
CLEOKC20181128,CLE,OKC,20181128,83,100
ORLPOR20181128,ORL,POR,20181128,112,115
PHOLAC20181128,PHO,LAC,20181128,99,115
GSWTOR20181129,GSW,TOR,20181129,128,131
INDLAL20181129,IND,LAL,20181129,96,104
LACSAC20181129,LAC,SAC,20181129,133,121
CLEBOS20181130,CLE,BOS,20181130,95,128
UTACHO20181130,UTA,CHO,20181130,119,111
CHIDET20181130,CHI,DET,20181130,88,107
WASPHI20181130,WAS,PHI,20181130,98,123
MEMBRK20181130,MEM,BRK,20181130,131,125
NOPMIA20181130,NOP,MIA,20181130,101,106
ATLOKC20181130,ATL,OKC,20181130,109,124
HOUSAS20181130,HOU,SAS,20181130,136,105
ORLPHO20181130,ORL,PHO,20181130,99,85
DALLAL20181130,DAL,LAL,20181130,103,114
DENPOR20181130,DEN,POR,20181130,113,112
MILNYK20181201,MIL,NYK,20181201,134,136
GSWDET20181201,GSW,DET,20181201,102,111
BRKWAS20181201,BRK,WAS,20181201,88,102
TORCLE20181201,TOR,CLE,20181201,106,95
CHIHOU20181201,CHI,HOU,20181201,105,121
BOSMIN20181201,BOS,MIN,20181201,118,109
INDSAC20181201,IND,SAC,20181201,110,111
PHOLAL20181202,PHO,LAL,20181202,96,120
NOPCHO20181202,NOP,CHO,20181202,119,109
UTAMIA20181202,UTA,MIA,20181202,100,102
MEMPHI20181202,MEM,PHI,20181202,95,103
LACDAL20181202,LAC,DAL,20181202,110,114
PORSAS20181202,POR,SAS,20181202,118,131
OKCDET20181203,OKC,DET,20181203,110,83
GSWATL20181203,GSW,ATL,20181203,128,111
CLEBRK20181203,CLE,BRK,20181203,99,97
WASNYK20181203,WAS,NYK,20181203,110,107
DENTOR20181203,DEN,TOR,20181203,106,103
HOUMIN20181203,HOU,MIN,20181203,91,103
LACNOP20181203,LAC,NOP,20181203,129,126
CHIIND20181204,CHI,IND,20181204,90,96
ORLMIA20181204,ORL,MIA,20181204,105,90
PORDAL20181204,POR,DAL,20181204,102,111
SACPHO20181204,SAC,PHO,20181204,122,105
SASUTA20181204,SAS,UTA,20181204,105,139
GSWCLE20181205,GSW,CLE,20181205,129,105
DENORL20181205,DEN,ORL,20181205,124,118
WASATL20181205,WAS,ATL,20181205,131,117
OKCBRK20181205,OKC,BRK,20181205,114,112
LACMEM20181205,LAC,MEM,20181205,86,96
DETMIL20181205,DET,MIL,20181205,92,115
CHOMIN20181205,CHO,MIN,20181205,104,121
DALNOP20181205,DAL,NOP,20181205,106,132
PHITOR20181205,PHI,TOR,20181205,102,113
SASLAL20181205,SAS,LAL,20181205,113,121
NYKBOS20181206,NYK,BOS,20181206,100,128
PHOPOR20181206,PHO,POR,20181206,86,108
HOUUTA20181206,HOU,UTA,20181206,91,118
DENCHO20181207,DEN,CHO,20181207,107,113
PHIDET20181207,PHI,DET,20181207,117,111
INDORL20181207,IND,ORL,20181207,112,90
TORBRK20181207,TOR,BRK,20181207,105,106
SACCLE20181207,SAC,CLE,20181207,129,110
OKCCHI20181207,OKC,CHI,20181207,112,114
MEMNOP20181207,MEM,NOP,20181207,107,103
LALSAS20181207,LAL,SAS,20181207,120,133
MIAPHO20181207,MIA,PHO,20181207,115,98
GSWMIL20181207,GSW,MIL,20181207,105,95
HOUDAL20181208,HOU,DAL,20181208,104,107
SACIND20181208,SAC,IND,20181208,97,107
DENATL20181208,DEN,ATL,20181208,98,106
WASCLE20181208,WAS,CLE,20181208,101,116
BRKNYK20181208,BRK,NYK,20181208,112,104
BOSCHI20181208,BOS,CHI,20181208,133,77
LALMEM20181208,LAL,MEM,20181208,111,88
MINPOR20181208,MIN,POR,20181208,105,113
MIALAC20181208,MIA,LAC,20181208,121,98
NOPDET20181209,NOP,DET,20181209,116,108
MILTOR20181209,MIL,TOR,20181209,104,99
UTASAS20181209,UTA,SAS,20181209,97,110
CHONYK20181209,CHO,NYK,20181209,119,107
WASIND20181210,WAS,IND,20181210,101,109
DETPHI20181210,DET,PHI,20181210,102,116
NOPBOS20181210,NOP,BOS,20181210,100,113
SACCHI20181210,SAC,CHI,20181210,108,89
CLEMIL20181210,CLE,MIL,20181210,92,108
UTAOKC20181210,UTA,OKC,20181210,113,122
ORLDAL20181210,ORL,DAL,20181210,76,101
MEMDEN20181210,MEM,DEN,20181210,99,105
LACPHO20181210,LAC,PHO,20181210,123,119
MINGSW20181210,MIN,GSW,20181210,108,116
MIALAL20181210,MIA,LAL,20181210,105,108
PORHOU20181211,POR,HOU,20181211,104,111
PHOSAS20181211,PHO,SAS,20181211,86,111
TORLAC20181211,TOR,LAC,20181211,123,99
DETCHO20181212,DET,CHO,20181212,107,108
NYKCLE20181212,NYK,CLE,20181212,106,113
MILIND20181212,MIL,IND,20181212,97,113
BRKPHI20181212,BRK,PHI,20181212,127,124
BOSWAS20181212,BOS,WAS,20181212,130,125
PORMEM20181212,POR,MEM,20181212,83,92
OKCNOP20181212,OKC,NOP,20181212,114,118
ATLDAL20181212,ATL,DAL,20181212,107,114
MIAUTA20181212,MIA,UTA,20181212,84,111
MINSAC20181212,MIN,SAC,20181212,130,141
TORGSW20181212,TOR,GSW,20181212,113,93
LALHOU20181213,LAL,HOU,20181213,111,126
LACSAS20181213,LAC,SAS,20181213,87,125
CHIORL20181213,CHI,ORL,20181213,91,97
DALPHO20181213,DAL,PHO,20181213,89,99
ATLBOS20181214,ATL,BOS,20181214,108,129
NYKCHO20181214,NYK,CHO,20181214,126,124
WASBRK20181214,WAS,BRK,20181214,118,125
MILCLE20181214,MIL,CLE,20181214,114,102
INDPHI20181214,IND,PHI,20181214,113,101
MIAMEM20181214,MIA,MEM,20181214,100,97
OKCDEN20181214,OKC,DEN,20181214,98,109
TORPOR20181214,TOR,POR,20181214,122,128
GSWSAC20181214,GSW,SAC,20181214,130,125
UTAORL20181215,UTA,ORL,20181215,89,96
LALCHO20181215,LAL,CHO,20181215,128,100
BOSDET20181215,BOS,DET,20181215,104,113
HOUMEM20181215,HOU,MEM,20181215,105,97
CHISAS20181215,CHI,SAS,20181215,98,93
LACOKC20181215,LAC,OKC,20181215,104,110
MINPHO20181215,MIN,PHO,20181215,99,107
ATLBRK20181216,ATL,BRK,20181216,127,144
PHICLE20181216,PHI,CLE,20181216,128,105
NYKIND20181216,NYK,IND,20181216,99,110
LALWAS20181216,LAL,WAS,20181216,110,128
SACDAL20181216,SAC,DAL,20181216,120,113
MIANOP20181216,MIA,NOP,20181216,102,96
TORDEN20181216,TOR,DEN,20181216,86,95
MILDET20181217,MIL,DET,20181217,107,104
PHONYK20181217,PHO,NYK,20181217,128,110
UTAHOU20181217,UTA,HOU,20181217,97,102
SACMIN20181217,SAC,MIN,20181217,105,132
CHIOKC20181217,CHI,OKC,20181217,96,121
PHISAS20181217,PHI,SAS,20181217,96,123
MEMGSW20181217,MEM,GSW,20181217,93,110
PORLAC20181217,POR,LAC,20181217,131,127
CLEIND20181218,CLE,IND,20181218,92,91
WASATL20181218,WAS,ATL,20181218,110,118
LALBRK20181218,LAL,BRK,20181218,110,115
DALDEN20181218,DAL,DEN,20181218,118,126
CLECHO20181219,CLE,CHO,20181219,99,110
SASORL20181219,SAS,ORL,20181219,129,90
NYKPHI20181219,NYK,PHI,20181219,109,131
PHOBOS20181219,PHO,BOS,20181219,111,103
INDTOR20181219,IND,TOR,20181219,96,99
BRKCHI20181219,BRK,CHI,20181219,96,93
WASHOU20181219,WAS,HOU,20181219,118,136
NOPMIL20181219,NOP,MIL,20181219,115,123
DETMIN20181219,DET,MIN,20181219,129,123
GSWUTA20181219,GSW,UTA,20181219,103,108
MEMPOR20181219,MEM,POR,20181219,92,99
OKCSAC20181219,OKC,SAC,20181219,132,113
HOUMIA20181220,HOU,MIA,20181220,99,101
DALLAC20181220,DAL,LAC,20181220,121,125
DETCHO20181221,DET,CHO,20181221,86,98
CLETOR20181221,CLE,TOR,20181221,110,126
INDBRK20181221,IND,BRK,20181221,114,106
ATLNYK20181221,ATL,NYK,20181221,114,107
MILBOS20181221,MIL,BOS,20181221,120,107
ORLCHI20181221,ORL,CHI,20181221,80,90
MINSAS20181221,MIN,SAS,20181221,98,124
UTAPOR20181221,UTA,POR,20181221,120,90
MEMSAC20181221,MEM,SAC,20181221,99,102
NOPLAL20181221,NOP,LAL,20181221,104,112
DENLAC20181222,DEN,LAC,20181222,111,132
PHOWAS20181222,PHO,WAS,20181222,146,149
TORPHI20181222,TOR,PHI,20181222,101,126
SASHOU20181222,SAS,HOU,20181222,101,108
MILMIA20181222,MIL,MIA,20181222,87,94
DALGSW20181222,DAL,GSW,20181222,116,120
OKCUTA20181222,OKC,UTA,20181222,107,106
ATLDET20181223,ATL,DET,20181223,98,95
WASIND20181223,WAS,IND,20181223,89,105
CHOBOS20181223,CHO,BOS,20181223,103,119
PHOBRK20181223,PHO,BRK,20181223,103,111
CHICLE20181223,CHI,CLE,20181223,112,92
MIAORL20181223,MIA,ORL,20181223,115,91
NOPSAC20181223,NOP,SAC,20181223,117,122
MINOKC20181223,MIN,OKC,20181223,114,112
LACGSW20181223,LAC,GSW,20181223,127,129
DALPOR20181223,DAL,POR,20181223,118,121
MEMLAL20181223,MEM,LAL,20181223,107,99
MILNYK20181225,MIL,NYK,20181225,109,95
OKCHOU20181225,OKC,HOU,20181225,109,113
PHIBOS20181225,PHI,BOS,20181225,114,121
LALGSW20181225,LAL,GSW,20181225,127,101
PORUTA20181225,POR,UTA,20181225,96,117
WASDET20181226,WAS,DET,20181226,95,106
PHOORL20181226,PHO,ORL,20181226,122,120
INDATL20181226,IND,ATL,20181226,129,121
CHOBRK20181226,CHO,BRK,20181226,132,134
TORMIA20181226,TOR,MIA,20181226,106,104
MINCHI20181226,MIN,CHI,20181226,119,94
CLEMEM20181226,CLE,MEM,20181226,87,95
NOPDAL20181226,NOP,DAL,20181226,119,122
DENSAS20181226,DEN,SAS,20181226,103,111
SACLAC20181226,SAC,LAC,20181226,118,127
BOSHOU20181227,BOS,HOU,20181227,113,127
NYKMIL20181227,NYK,MIL,20181227,96,112
LALSAC20181227,LAL,SAC,20181227,116,117
PORGSW20181227,POR,GSW,20181227,110,109
PHIUTA20181227,PHI,UTA,20181227,114,97
BRKCHO20181228,BRK,CHO,20181228,87,100
DETIND20181228,DET,IND,20181228,88,125
TORORL20181228,TOR,ORL,20181228,87,116
CHIWAS20181228,CHI,WAS,20181228,101,92
CLEMIA20181228,CLE,MIA,20181228,94,118
ATLMIN20181228,ATL,MIN,20181228,123,120
DALNOP20181228,DAL,NOP,20181228,112,114
SASDEN20181228,SAS,DEN,20181228,99,102
OKCPHO20181228,OKC,PHO,20181228,118,102
LACLAL20181228,LAC,LAL,20181228,118,107
BRKMIL20181229,BRK,MIL,20181229,115,129
HOUNOP20181229,HOU,NOP,20181229,108,104
CHOWAS20181229,CHO,WAS,20181229,126,130
CLEATL20181229,CLE,ATL,20181229,108,111
BOSMEM20181229,BOS,MEM,20181229,112,103
NYKUTA20181229,NYK,UTA,20181229,97,129
DENPHO20181229,DEN,PHO,20181229,122,118
GSWPOR20181229,GSW,POR,20181229,115,105
SASLAC20181229,SAS,LAC,20181229,122,111
DETORL20181230,DET,ORL,20181230,107,109
MINMIA20181230,MIN,MIA,20181230,113,104
CHITOR20181230,CHI,TOR,20181230,89,95
OKCDAL20181230,OKC,DAL,20181230,103,105
PHIPOR20181230,PHI,POR,20181230,95,129
SACLAL20181230,SAC,LAL,20181230,114,121
ATLIND20181231,ATL,IND,20181231,108,116
ORLCHO20181231,ORL,CHO,20181231,100,125
MEMHOU20181231,MEM,HOU,20181231,101,113
BOSSAS20181231,BOS,SAS,20181231,111,120
MINNOP20181231,MIN,NOP,20181231,114,123
DALOKC20181231,DAL,OKC,20181231,102,122
GSWPHO20181231,GSW,PHO,20181231,132,109
UTATOR20190101,UTA,TOR,20190101,116,122
DETMIL20190101,DET,MIL,20190101,98,121
NYKDEN20190101,NYK,DEN,20190101,108,115
PORSAC20190101,POR,SAC,20190101,113,108
PHILAC20190101,PHI,LAC,20190101,119,113
DALCHO20190102,DAL,CHO,20190102,122,84
MIACLE20190102,MIA,CLE,20190102,117,92
ATLWAS20190102,ATL,WAS,20190102,98,114
NOPBRK20190102,NOP,BRK,20190102,121,126
MINBOS20190102,MIN,BOS,20190102,102,115
ORLCHI20190102,ORL,CHI,20190102,112,84
DETMEM20190102,DET,MEM,20190102,101,94
PHIPHO20190102,PHI,PHO,20190102,132,127
OKCLAL20190102,OKC,LAL,20190102,107,100
TORSAS20190103,TOR,SAS,20190103,107,125
DENSAC20190103,DEN,SAC,20190103,117,113
HOUGSW20190103,HOU,GSW,20190103,135,134
UTACLE20190104,UTA,CLE,20190104,117,91
DALBOS20190104,DAL,BOS,20190104,93,114
INDCHI20190104,IND,CHI,20190104,119,116
BRKMEM20190104,BRK,MEM,20190104,109,100
WASMIA20190104,WAS,MIA,20190104,109,115
ORLMIN20190104,ORL,MIN,20190104,103,120
ATLMIL20190104,ATL,MIL,20190104,112,144
LACPHO20190104,LAC,PHO,20190104,121,111
NYKLAL20190104,NYK,LAL,20190104,119,112
OKCPOR20190104,OKC,POR,20190104,111,109
CHODEN20190105,CHO,DEN,20190105,110,123
UTADET20190105,UTA,DET,20190105,110,105
DALPHI20190105,DAL,PHI,20190105,100,106
NOPCLE20190105,NOP,CLE,20190105,133,98
TORMIL20190105,TOR,MIL,20190105,123,116
MEMSAS20190105,MEM,SAS,20190105,88,108
HOUPOR20190105,HOU,POR,20190105,101,110
GSWSAC20190105,GSW,SAC,20190105,127,123
BRKCHI20190106,BRK,CHI,20190106,117,100
ORLLAC20190106,ORL,LAC,20190106,96,106
LALMIN20190106,LAL,MIN,20190106,86,108
MIAATL20190106,MIA,ATL,20190106,82,106
WASOKC20190106,WAS,OKC,20190106,116,98
INDTOR20190106,IND,TOR,20190106,105,121
CHOPHO20190106,CHO,PHO,20190106,119,113
SASDET20190107,SAS,DET,20190107,119,107
BRKBOS20190107,BRK,BOS,20190107,95,116
DENHOU20190107,DEN,HOU,20190107,113,125
UTAMIL20190107,UTA,MIL,20190107,102,114
MEMNOP20190107,MEM,NOP,20190107,95,114
LALDAL20190107,LAL,DAL,20190107,107,97
NYKPOR20190107,NYK,POR,20190107,101,111
ORLSAC20190107,ORL,SAC,20190107,95,111
INDCLE20190108,IND,CLE,20190108,123,115
WASPHI20190108,WAS,PHI,20190108,115,132
DENMIA20190108,DEN,MIA,20190108,103,99
ATLTOR20190108,ATL,TOR,20190108,101,104
MINOKC20190108,MIN,OKC,20190108,119,117
SACPHO20190108,SAC,PHO,20190108,111,115
NYKGSW20190108,NYK,GSW,20190108,95,122
CHOLAC20190108,CHO,LAC,20190108,109,128
INDBOS20190109,IND,BOS,20190109,108,135
PHIWAS20190109,PHI,WAS,20190109,106,123
ATLBRK20190109,ATL,BRK,20190109,100,116
MILHOU20190109,MIL,HOU,20190109,116,109
SASMEM20190109,SAS,MEM,20190109,86,96
CLENOP20190109,CLE,NOP,20190109,124,140
PHODAL20190109,PHO,DAL,20190109,94,104
ORLUTA20190109,ORL,UTA,20190109,93,106
CHIPOR20190109,CHI,POR,20190109,112,124
DETLAL20190109,DET,LAL,20190109,100,113
BOSMIA20190110,BOS,MIA,20190110,99,115
LACDEN20190110,LAC,DEN,20190110,100,121
OKCSAS20190110,OKC,SAS,20190110,147,154
DETSAC20190110,DET,SAC,20190110,102,112
ATLPHI20190111,ATL,PHI,20190111,123,121
MILWAS20190111,MIL,WAS,20190111,106,113
INDNYK20190111,IND,NYK,20190111,121,106
BRKTOR20190111,BRK,TOR,20190111,105,122
CLEHOU20190111,CLE,HOU,20190111,113,141
DALMIN20190111,DAL,MIN,20190111,119,115
CHOPOR20190111,CHO,POR,20190111,96,127
LALUTA20190111,LAL,UTA,20190111,95,113
CHIGSW20190111,CHI,GSW,20190111,109,146
DETLAC20190112,DET,LAC,20190112,109,104
MEMMIA20190112,MEM,MIA,20190112,108,112
BOSORL20190112,BOS,ORL,20190112,103,105
NOPMIN20190112,NOP,MIN,20190112,106,110
SASOKC20190112,SAS,OKC,20190112,112,122
DENPHO20190112,DEN,PHO,20190112,93,102
CHOSAC20190112,CHO,SAC,20190112,97,104
CHIUTA20190112,CHI,UTA,20190112,102,110
PHINYK20190113,PHI,NYK,20190113,108,105
TORWAS20190113,TOR,WAS,20190113,140,138
MILATL20190113,MIL,ATL,20190113,133,114
HOUORL20190113,HOU,ORL,20190113,109,116
GSWDAL20190113,GSW,DAL,20190113,119,114
PORDEN20190113,POR,DEN,20190113,113,116
CLELAL20190113,CLE,LAL,20190113,101,95
BOSBRK20190114,BOS,BRK,20190114,102,109
MEMHOU20190114,MEM,HOU,20190114,94,112
CHOSAS20190114,CHO,SAS,20190114,108,93
DETUTA20190114,DET,UTA,20190114,94,100
PORSAC20190114,POR,SAC,20190114,107,115
NOPLAC20190114,NOP,LAC,20190114,121,117
PHOIND20190115,PHO,IND,20190115,97,131
MINPHI20190115,MIN,PHI,20190115,107,149
OKCATL20190115,OKC,ATL,20190115,126,142
MIAMIL20190115,MIA,MIL,20190115,86,124
GSWDEN20190115,GSW,DEN,20190115,142,111
CHILAL20190115,CHI,LAL,20190115,100,107
ORLDET20190116,ORL,DET,20190116,115,120
TORBOS20190116,TOR,BOS,20190116,108,117
BRKHOU20190116,BRK,HOU,20190116,145,142
MILMEM20190116,MIL,MEM,20190116,111,101
SASDAL20190116,SAS,DAL,20190116,105,101
CLEPOR20190116,CLE,POR,20190116,112,129
NOPGSW20190116,NOP,GSW,20190116,140,147
UTALAC20190116,UTA,LAC,20190116,129,109
NYKWAS20190117,NYK,WAS,20190117,100,101
SACCHO20190117,SAC,CHO,20190117,95,114
PHIIND20190117,PHI,IND,20190117,120,96
PHOTOR20190117,PHO,TOR,20190117,109,111
CHIDEN20190117,CHI,DEN,20190117,105,135
LALOKC20190117,LAL,OKC,20190117,138,128
MEMBOS20190118,MEM,BOS,20190118,116,122
MIADET20190118,MIA,DET,20190118,93,98
BRKORL20190118,BRK,ORL,20190118,117,115
SASMIN20190118,SAS,MIN,20190118,116,113
CLEUTA20190118,CLE,UTA,20190118,99,115
GSWLAC20190118,GSW,LAC,20190118,112,94
NOPPOR20190118,NOP,POR,20190118,112,128
OKCPHI20190119,OKC,PHI,20190119,117,115
PHOCHO20190119,PHO,CHO,20190119,115,135
SACDET20190119,SAC,DET,20190119,103,101
DALIND20190119,DAL,IND,20190119,99,111
MILORL20190119,MIL,ORL,20190119,118,108
BOSATL20190119,BOS,ATL,20190119,113,105
MEMTOR20190119,MEM,TOR,20190119,90,119
MIACHI20190119,MIA,CHI,20190119,117,103
LALHOU20190119,LAL,HOU,20190119,134,138
CLEDEN20190119,CLE,DEN,20190119,102,124
CHOIND20190120,CHO,IND,20190120,95,120
PHOMIN20190120,PHO,MIN,20190120,114,116
LACSAS20190120,LAC,SAS,20190120,103,95
OKCNYK20190121,OKC,NYK,20190121,127,109
CHICLE20190121,CHI,CLE,20190121,104,88
DALMIL20190121,DAL,MIL,20190121,106,116
DETWAS20190121,DET,WAS,20190121,87,101
ORLATL20190121,ORL,ATL,20190121,122,103
SACBRK20190121,SAC,BRK,20190121,94,123
NOPMEM20190121,NOP,MEM,20190121,105,85
MIABOS20190121,MIA,BOS,20190121,99,107
HOUPHI20190121,HOU,PHI,20190121,93,121
PORUTA20190121,POR,UTA,20190121,109,104
GSWLAL20190121,GSW,LAL,20190121,130,111
SACTOR20190122,SAC,TOR,20190122,105,120
POROKC20190122,POR,OKC,20190122,114,123
LACDAL20190122,LAC,DAL,20190122,98,106
MINPHO20190122,MIN,PHO,20190122,118,91
TORIND20190123,TOR,IND,20190123,106,110
CLEBOS20190123,CLE,BOS,20190123,103,123
ORLBRK20190123,ORL,BRK,20190123,110,114
LACMIA20190123,LAC,MIA,20190123,111,99
HOUNYK20190123,HOU,NYK,20190123,114,110
ATLCHI20190123,ATL,CHI,20190123,121,101
CHOMEM20190123,CHO,MEM,20190123,118,107
DETNOP20190123,DET,NOP,20190123,98,94
SASPHI20190123,SAS,PHI,20190123,120,122
DENUTA20190123,DEN,UTA,20190123,108,114
NOPOKC20190124,NOP,OKC,20190124,116,122
GSWWAS20190124,GSW,WAS,20190124,126,118
PORPHO20190124,POR,PHO,20190124,120,106
MINLAL20190124,MIN,LAL,20190124,120,105
WASORL20190125,WAS,ORL,20190125,95,91
NYKBRK20190125,NYK,BRK,20190125,99,109
MIACLE20190125,MIA,CLE,20190125,100,94
LACCHI20190125,LAC,CHI,20190125,106,101
TORHOU20190125,TOR,HOU,20190125,119,121
SACMEM20190125,SAC,MEM,20190125,99,96
DETDAL20190125,DET,DAL,20190125,101,106
CHOMIL20190125,CHO,MIL,20190125,99,108
PHODEN20190125,PHO,DEN,20190125,95,132
MINUTA20190125,MIN,UTA,20190125,102,106
SASNOP20190126,SAS,NOP,20190126,126,114
INDMEM20190126,IND,MEM,20190126,103,106
GSWBOS20190126,GSW,BOS,20190126,115,111
PHIDEN20190126,PHI,DEN,20190126,110,126
ATLPOR20190126,ATL,POR,20190126,111,120
CLECHI20190127,CLE,CHI,20190127,104,101
SACLAC20190127,SAC,LAC,20190127,108,122
MILOKC20190127,MIL,OKC,20190127,112,118
TORDAL20190127,TOR,DAL,20190127,123,120
ORLHOU20190127,ORL,HOU,20190127,98,103
UTAMIN20190127,UTA,MIN,20190127,125,111
WASSAS20190127,WAS,SAS,20190127,119,132
MIANYK20190127,MIA,NYK,20190127,106,97
PHOLAL20190127,PHO,LAL,20190127,102,116
NYKCHO20190128,NYK,CHO,20190128,92,101
GSWIND20190128,GSW,IND,20190128,132,100
BRKBOS20190128,BRK,BOS,20190128,104,112
DENMEM20190128,DEN,MEM,20190128,95,92
ATLLAC20190128,ATL,LAC,20190128,123,118
WASCLE20190129,WAS,CLE,20190129,113,116
MILDET20190129,MIL,DET,20190129,115,105
OKCORL20190129,OKC,ORL,20190129,126,117
CHIBRK20190129,CHI,BRK,20190129,117,122
NOPHOU20190129,NOP,HOU,20190129,121,116
PHOSAS20190129,PHO,SAS,20190129,124,126
PHILAL20190129,PHI,LAL,20190129,121,105
CHOBOS20190130,CHO,BOS,20190130,94,126
CHIMIA20190130,CHI,MIA,20190130,105,89
DALNYK20190130,DAL,NYK,20190130,114,90
MEMMIN20190130,MEM,MIN,20190130,97,99
DENNOP20190130,DEN,NOP,20190130,105,99
INDWAS20190130,IND,WAS,20190130,89,107
ATLSAC20190130,ATL,SAC,20190130,113,135
UTAPOR20190130,UTA,POR,20190130,105,132
DALDET20190131,DAL,DET,20190131,89,93
INDORL20190131,IND,ORL,20190131,100,107
MILTOR20190131,MIL,TOR,20190131,105,92
BRKSAS20190131,BRK,SAS,20190131,114,117
PHIGSW20190131,PHI,GSW,20190131,113,104
LALLAC20190131,LAL,LAC,20190131,123,120
MEMCHO20190201,MEM,CHO,20190201,92,100
BOSNYK20190201,BOS,NYK,20190201,113,99
OKCMIA20190201,OKC,MIA,20190201,118,102
ATLUTA20190201,ATL,UTA,20190201,112,128
HOUDEN20190201,HOU,DEN,20190201,122,136
LACDET20190202,LAC,DET,20190202,111,101
CHICHO20190202,CHI,CHO,20190202,118,125
BRKORL20190202,BRK,ORL,20190202,89,102
MILWAS20190202,MIL,WAS,20190202,131,115
DALCLE20190202,DAL,CLE,20190202,111,98
INDMIA20190202,IND,MIA,20190202,95,88
LALGSW20190202,LAL,GSW,20190202,101,115
NOPSAS20190202,NOP,SAS,20190202,108,113
DENMIN20190202,DEN,MIN,20190202,107,106
ATLPHO20190202,ATL,PHO,20190202,118,112
HOUUTA20190202,HOU,UTA,20190202,125,98
PHISAC20190202,PHI,SAC,20190202,108,115
MEMNYK20190203,MEM,NYK,20190203,96,84
OKCBOS20190203,OKC,BOS,20190203,129,134
LACTOR20190203,LAC,TOR,20190203,103,121
DENDET20190204,DEN,DET,20190204,103,129
ATLWAS20190204,ATL,WAS,20190204,137,129
MILBRK20190204,MIL,BRK,20190204,113,94
INDNOP20190204,IND,NOP,20190204,109,107
HOUPHO20190204,HOU,PHO,20190204,118,110
SASSAC20190204,SAS,SAC,20190204,112,127
LACCHO20190205,LAC,CHO,20190205,117,115
BOSCLE20190205,BOS,CLE,20190205,103,96
LALIND20190205,LAL,IND,20190205,94,136
DETNYK20190205,DET,NYK,20190205,105,92
MINMEM20190205,MIN,MEM,20190205,106,108
ORLOKC20190205,ORL,OKC,20190205,122,132
TORPHI20190205,TOR,PHI,20190205,119,107
MIAPOR20190205,MIA,POR,20190205,118,108
DENBRK20190206,DEN,BRK,20190206,130,135
NOPCHI20190206,NOP,CHI,20190206,125,120
WASMIL20190206,WAS,MIL,20190206,129,148
CHODAL20190206,CHO,DAL,20190206,93,99
PHOUTA20190206,PHO,UTA,20190206,88,116
HOUSAC20190206,HOU,SAC,20190206,127,101
SASGSW20190206,SAS,GSW,20190206,102,141
LACIND20190207,LAC,IND,20190207,92,116
MINORL20190207,MIN,ORL,20190207,112,122
TORATL20190207,TOR,ATL,20190207,119,101
LALBOS20190207,LAL,BOS,20190207,129,128
MEMOKC20190207,MEM,OKC,20190207,95,117
SASPOR20190207,SAS,POR,20190207,118,127
NYKDET20190208,NYK,DET,20190208,103,120
DENPHI20190208,DEN,PHI,20190208,110,117
CLEWAS20190208,CLE,WAS,20190208,106,119
CHIBRK20190208,CHI,BRK,20190208,125,106
MILDAL20190208,MIL,DAL,20190208,122,107
GSWPHO20190208,GSW,PHO,20190208,117,107
MINNOP20190208,MIN,NOP,20190208,117,122
MIASAC20190208,MIA,SAC,20190208,96,102
SASUTA20190209,SAS,UTA,20190209,105,125
CLEIND20190209,CLE,IND,20190209,90,105
CHOATL20190209,CHO,ATL,20190209,129,120
TORNYK20190209,TOR,NYK,20190209,104,99
LACBOS20190209,LAC,BOS,20190209,123,112
WASCHI20190209,WAS,CHI,20190209,134,125
NOPMEM20190209,NOP,MEM,20190209,90,99
OKCHOU20190209,OKC,HOU,20190209,117,112
ORLMIL20190209,ORL,MIL,20190209,103,83
PORDAL20190210,POR,DAL,20190210,101,102
LALPHI20190210,LAL,PHI,20190210,120,143
PHOSAC20190210,PHO,SAC,20190210,104,117
ORLATL20190210,ORL,ATL,20190210,124,108
MIAGSW20190210,MIA,GSW,20190210,118,120
NYKCLE20190211,NYK,CLE,20190211,104,107
WASDET20190211,WAS,DET,20190211,112,121
CHOIND20190211,CHO,IND,20190211,90,99
BRKTOR20190211,BRK,TOR,20190211,125,127
MILCHI20190211,MIL,CHI,20190211,112,99
DALHOU20190211,DAL,HOU,20190211,104,120
LACMIN20190211,LAC,MIN,20190211,120,130
POROKC20190211,POR,OKC,20190211,111,120
MIADEN20190211,MIA,DEN,20190211,87,103
LALATL20190212,LAL,ATL,20190212,113,117
SASMEM20190212,SAS,MEM,20190212,108,107
ORLNOP20190212,ORL,NOP,20190212,118,88
BOSPHI20190212,BOS,PHI,20190212,112,109
UTAGSW20190212,UTA,GSW,20190212,108,115
BRKCLE20190213,BRK,CLE,20190213,148,139
MILIND20190213,MIL,IND,20190213,106,97
DETBOS20190213,DET,BOS,20190213,110,118
PHINYK20190213,PHI,NYK,20190213,126,111
WASTOR20190213,WAS,TOR,20190213,120,129
MEMCHI20190213,MEM,CHI,20190213,110,122
HOUMIN20190213,HOU,MIN,20190213,111,121
MIADAL20190213,MIA,DAL,20190213,112,101
SACDEN20190213,SAC,DEN,20190213,118,120
PHOLAC20190213,PHO,LAC,20190213,107,134
GSWPOR20190213,GSW,POR,20190213,107,129
CHOORL20190214,CHO,ORL,20190214,89,127
NYKATL20190214,NYK,ATL,20190214,106,91
OKCNOP20190214,OKC,NOP,20190214,122,131
PHOCLE20190221,PHO,CLE,20190221,98,111
MIAPHI20190221,MIA,PHI,20190221,102,106
PORBRK20190221,POR,BRK,20190221,113,99
BOSMIL20190221,BOS,MIL,20190221,97,98
SACGSW20190221,SAC,GSW,20190221,123,125
HOULAL20190221,HOU,LAL,20190221,106,111
WASCHO20190222,WAS,CHO,20190222,110,123
NOPIND20190222,NOP,IND,20190222,111,126
CHIORL20190222,CHI,ORL,20190222,110,109
SASTOR20190222,SAS,TOR,20190222,117,120
DETATL20190222,DET,ATL,20190222,125,122
MINNYK20190222,MIN,NYK,20190222,115,104
LACMEM20190222,LAC,MEM,20190222,112,106
DENDAL20190222,DEN,DAL,20190222,114,104
UTAOKC20190222,UTA,OKC,20190222,147,148
PORPHI20190223,POR,PHI,20190223,130,115
PHOATL20190223,PHO,ATL,20190223,112,120
BRKCHO20190223,BRK,CHO,20190223,117,115
MEMCLE20190223,MEM,CLE,20190223,107,112
LALNOP20190223,LAL,NOP,20190223,115,128
INDWAS20190223,IND,WAS,20190223,119,112
DETMIA20190223,DET,MIA,20190223,119,96
BOSCHI20190223,BOS,CHI,20190223,116,126
SACOKC20190223,SAC,OKC,20190223,119,116
HOUGSW20190223,HOU,GSW,20190223,118,112
MINMIL20190223,MIN,MIL,20190223,128,140
DALUTA20190223,DAL,UTA,20190223,109,125
ORLTOR20190224,ORL,TOR,20190224,113,98
LACDEN20190224,LAC,DEN,20190224,96,123
SASNYK20190224,SAS,NYK,20190224,118,130
GSWCHO20190225,GSW,CHO,20190225,121,110
PORCLE20190225,POR,CLE,20190225,123,110
INDDET20190225,IND,DET,20190225,109,113
SASBRK20190225,SAS,BRK,20190225,85,101
PHOMIA20190225,PHO,MIA,20190225,124,121
MILCHI20190225,MIL,CHI,20190225,117,106
ATLHOU20190225,ATL,HOU,20190225,111,119
LALMEM20190225,LAL,MEM,20190225,105,110
SACMIN20190225,SAC,MIN,20190225,105,112
PHINOP20190225,PHI,NOP,20190225,111,110
DALLAC20190225,DAL,LAC,20190225,112,121
ORLNYK20190226,ORL,NYK,20190226,103,108
BOSTOR20190226,BOS,TOR,20190226,95,118
OKCDEN20190226,OKC,DEN,20190226,112,121
HOUCHO20190227,HOU,CHO,20190227,118,113
MINATL20190227,MIN,ATL,20190227,123,131
WASBRK20190227,WAS,BRK,20190227,125,116
GSWMIA20190227,GSW,MIA,20190227,125,126
PORBOS20190227,POR,BOS,20190227,97,92
CHIMEM20190227,CHI,MEM,20190227,109,107
INDDAL20190227,IND,DAL,20190227,101,110
DETSAS20190227,DET,SAS,20190227,93,105
LACUTA20190227,LAC,UTA,20190227,105,111
MILSAC20190227,MIL,SAC,20190227,141,140
NOPLAL20190227,NOP,LAL,20190227,119,125
MININD20190228,MIN,IND,20190228,115,122
GSWORL20190228,GSW,ORL,20190228,96,103
CLENYK20190228,CLE,NYK,20190228,125,118
MIAHOU20190228,MIA,HOU,20190228,118,121
PHIOKC20190228,PHI,OKC,20190228,108,104
UTADEN20190228,UTA,DEN,20190228,111,104
CHIATL20190301,CHI,ATL,20190301,168,161
CHOBRK20190301,CHO,BRK,20190301,123,112
WASBOS20190301,WAS,BOS,20190301,96,107
PORTOR20190301,POR,TOR,20190301,117,119
NOPPHO20190301,NOP,PHO,20190301,130,116
LACSAC20190301,LAC,SAC,20190301,116,109
MILLAL20190301,MIL,LAL,20190301,131,120
DETCLE20190302,DET,CLE,20190302,129,93
ORLIND20190302,ORL,IND,20190302,117,112
BRKMIA20190302,BRK,MIA,20190302,88,117
MEMDAL20190302,MEM,DAL,20190302,111,81
GSWPHI20190302,GSW,PHI,20190302,120,117
OKCSAS20190302,OKC,SAS,20190302,102,116
NOPDEN20190302,NOP,DEN,20190302,120,112
LALPHO20190302,LAL,PHO,20190302,109,118
MILUTA20190302,MIL,UTA,20190302,111,115
PORCHO20190303,POR,CHO,20190303,118,108
HOUBOS20190303,HOU,BOS,20190303,115,104
ATLCHI20190303,ATL,CHI,20190303,123,118
NYKLAC20190303,NYK,LAC,20190303,107,128
ORLCLE20190303,ORL,CLE,20190303,93,107
TORDET20190303,TOR,DET,20190303,107,112
MINWAS20190303,MIN,WAS,20190303,121,135
MEMOKC20190303,MEM,OKC,20190303,95,99
DALBRK20190304,DAL,BRK,20190304,88,127
ATLMIA20190304,ATL,MIA,20190304,113,114
DENSAS20190304,DEN,SAS,20190304,103,104
MILPHO20190304,MIL,PHO,20190304,105,114
NOPUTA20190304,NOP,UTA,20190304,115,112
NYKSAC20190304,NYK,SAC,20190304,108,115
LACLAL20190304,LAC,LAL,20190304,113,105
CHIIND20190305,CHI,IND,20190305,96,105
ORLPHI20190305,ORL,PHI,20190305,106,114
PORMEM20190305,POR,MEM,20190305,111,120
OKCMIN20190305,OKC,MIN,20190305,120,131
HOUTOR20190305,HOU,TOR,20190305,107,95
BOSGSW20190305,BOS,GSW,20190305,128,95
MIACHO20190306,MIA,CHO,20190306,91,84
MINDET20190306,MIN,DET,20190306,114,131
DALWAS20190306,DAL,WAS,20190306,123,132
SASATL20190306,SAS,ATL,20190306,111,104
CLEBRK20190306,CLE,BRK,20190306,107,113
PHICHI20190306,PHI,CHI,20190306,107,108
UTANOP20190306,UTA,NOP,20190306,114,104
NYKPHO20190306,NYK,PHO,20190306,96,107
BOSSAC20190306,BOS,SAC,20190306,111,109
DENLAL20190306,DEN,LAL,20190306,115,99
INDMIL20190307,IND,MIL,20190307,98,117
OKCPOR20190307,OKC,POR,20190307,129,121
WASCHO20190308,WAS,CHO,20190308,111,112
DALORL20190308,DAL,ORL,20190308,106,111
DETCHI20190308,DET,CHI,20190308,112,104
PHIHOU20190308,PHI,HOU,20190308,91,107
UTAMEM20190308,UTA,MEM,20190308,104,114
CLEMIA20190308,CLE,MIA,20190308,110,126
TORNOP20190308,TOR,NOP,20190308,127,104
DENGSW20190308,DEN,GSW,20190308,105,122
OKCLAC20190308,OKC,LAC,20190308,110,118
SACNYK20190309,SAC,NYK,20190309,102,94
BRKATL20190309,BRK,ATL,20190309,114,112
WASMIN20190309,WAS,MIN,20190309,130,135
BOSLAL20190309,BOS,LAL,20190309,120,107
CHOMIL20190309,CHO,MIL,20190309,114,131
PHOPOR20190309,PHO,POR,20190309,120,127
CHIDET20190310,CHI,DET,20190310,108,131
TORMIA20190310,TOR,MIA,20190310,125,104
INDPHI20190310,IND,PHI,20190310,89,106
NOPATL20190310,NOP,ATL,20190310,116,128
ORLMEM20190310,ORL,MEM,20190310,97,105
HOUDAL20190310,HOU,DAL,20190310,94,93
NYKMIN20190310,NYK,MIN,20190310,92,103
MILSAS20190310,MIL,SAS,20190310,114,121
PHOGSW20190310,PHO,GSW,20190310,115,111
TORCLE20190311,TOR,CLE,20190311,101,126
SACWAS20190311,SAC,WAS,20190311,115,121
DETBRK20190311,DET,BRK,20190311,75,103
CHOHOU20190311,CHO,HOU,20190311,106,118
OKCUTA20190311,OKC,UTA,20190311,98,89
BOSLAC20190311,BOS,LAC,20190311,115,140
NYKIND20190312,NYK,IND,20190312,98,103
CLEPHI20190312,CLE,PHI,20190312,99,106
LALCHI20190312,LAL,CHI,20190312,123,107
SASDAL20190312,SAS,DAL,20190312,112,105
MILNOP20190312,MIL,NOP,20190312,130,113
MINDEN20190312,MIN,DEN,20190312,107,133
PORLAC20190312,POR,LAC,20190312,125,104
BRKOKC20190313,BRK,OKC,20190313,96,108
ORLWAS20190313,ORL,WAS,20190313,90,100
MEMATL20190313,MEM,ATL,20190313,111,132
DETMIA20190313,DET,MIA,20190313,74,108
GSWHOU20190313,GSW,HOU,20190313,106,104
UTAPHO20190313,UTA,PHO,20190313,114,97
OKCIND20190314,OKC,IND,20190314,106,108
CLEORL20190314,CLE,ORL,20190314,91,120
SACBOS20190314,SAC,BOS,20190314,120,126
LALTOR20190314,LAL,TOR,20190314,98,111
MINUTA20190314,MIN,UTA,20190314,100,120
DALDEN20190314,DAL,DEN,20190314,99,100
LALDET20190315,LAL,DET,20190315,97,111
SACPHI20190315,SAC,PHI,20190315,114,123
CHOWAS20190315,CHO,WAS,20190315,116,110
PHOHOU20190315,PHO,HOU,20190315,102,108
MILMIA20190315,MIL,MIA,20190315,113,98
PORNOP20190315,POR,NOP,20190315,122,110
NYKSAS20190315,NYK,SAS,20190315,83,109
CHILAC20190315,CHI,LAC,20190315,121,128
ATLBOS20190316,ATL,BOS,20190316,120,129
PHONOP20190316,PHO,NOP,20190316,138,136
MEMWAS20190316,MEM,WAS,20190316,128,135
CLEDAL20190316,CLE,DAL,20190316,116,121
GSWOKC20190316,GSW,OKC,20190316,110,88
PORSAS20190316,POR,SAS,20190316,103,108
INDDEN20190316,IND,DEN,20190316,100,102
BRKUTA20190316,BRK,UTA,20190316,98,114
LALNYK20190317,LAL,NYK,20190317,123,124
CHOMIA20190317,CHO,MIA,20190317,75,93
PHIMIL20190317,PHI,MIL,20190317,130,125
TORDET20190317,TOR,DET,20190317,107,110
ATLORL20190317,ATL,ORL,20190317,91,101
CHISAC20190317,CHI,SAC,20190317,102,129
MINHOU20190317,MIN,HOU,20190317,102,117
BRKLAC20190317,BRK,LAC,20190317,116,119
DETCLE20190318,DET,CLE,20190318,119,126
UTAWAS20190318,UTA,WAS,20190318,116,95
DENBOS20190318,DEN,BOS,20190318,114,105
NYKTOR20190318,NYK,TOR,20190318,92,128
MIAOKC20190318,MIA,OKC,20190318,116,107
GSWSAS20190318,GSW,SAS,20190318,105,111
NOPDAL20190318,NOP,DAL,20190318,129,125
CHIPHO20190318,CHI,PHO,20190318,116,101
INDPOR20190318,IND,POR,20190318,98,106
PHICHO20190319,PHI,CHO,20190319,118,114
HOUATL20190319,HOU,ATL,20190319,121,105
LALMIL20190319,LAL,MIL,20190319,101,115
GSWMIN20190319,GSW,MIN,20190319,117,107
BRKSAC20190319,BRK,SAC,20190319,123,121
INDLAC20190319,IND,LAC,20190319,109,115
MILCLE20190320,MIL,CLE,20190320,102,107
NOPORL20190320,NOP,ORL,20190320,96,119
BOSPHI20190320,BOS,PHI,20190320,115,118
UTANYK20190320,UTA,NYK,20190320,137,116
WASCHI20190320,WAS,CHI,20190320,120,126
HOUMEM20190320,HOU,MEM,20190320,125,126
MIASAS20190320,MIA,SAS,20190320,110,105
TOROKC20190320,TOR,OKC,20190320,123,114
DALPOR20190320,DAL,POR,20190320,118,126
MINCHO20190321,MIN,CHO,20190321,106,113
DENWAS20190321,DEN,WAS,20190321,113,108
UTAATL20190321,UTA,ATL,20190321,114,117
DETPHO20190321,DET,PHO,20190321,118,98
DALSAC20190321,DAL,SAC,20190321,100,116
INDGSW20190321,IND,GSW,20190321,89,112
MEMORL20190322,MEM,ORL,20190322,119,123
LACCLE20190322,LAC,CLE,20190322,110,108
DENNYK20190322,DEN,NYK,20190322,111,93
OKCTOR20190322,OKC,TOR,20190322,116,109
SASHOU20190322,SAS,HOU,20190322,105,111
MIAMIL20190322,MIA,MIL,20190322,87,116
BRKLAL20190322,BRK,LAL,20190322,111,106
BOSCHO20190323,BOS,CHO,20190323,117,124
MIAWAS20190323,MIA,WAS,20190323,113,108
PHIATL20190323,PHI,ATL,20190323,127,129
UTACHI20190323,UTA,CHI,20190323,114,83
MINMEM20190323,MIN,MEM,20190323,112,99
DALGSW20190323,DAL,GSW,20190323,126,91
DETPOR20190323,DET,POR,20190323,112,117
PHOSAC20190323,PHO,SAC,20190323,103,112
LACNYK20190324,LAC,NYK,20190324,124,113
CLEMIL20190324,CLE,MIL,20190324,105,127
DENIND20190324,DEN,IND,20190324,88,124
CHOTOR20190324,CHO,TOR,20190324,115,114
HOUNOP20190324,HOU,NOP,20190324,113,90
SASBOS20190324,SAS,BOS,20190324,115,96
DETGSW20190324,DET,GSW,20190324,114,121
SACLAL20190324,SAC,LAL,20190324,106,111
PHIORL20190325,PHI,ORL,20190325,98,119
OKCMEM20190325,OKC,MEM,20190325,103,115
PHOUTA20190325,PHO,UTA,20190325,92,125
BRKPOR20190325,BRK,POR,20190325,144,148
SASCHO20190326,SAS,CHO,20190326,116,125
BOSCLE20190326,BOS,CLE,20190326,116,106
ORLMIA20190326,ORL,MIA,20190326,104,99
CHITOR20190326,CHI,TOR,20190326,103,112
HOUMIL20190326,HOU,MIL,20190326,94,108
LACMIN20190326,LAC,MIN,20190326,122,111
ATLNOP20190326,ATL,NOP,20190326,130,120
SACDAL20190326,SAC,DAL,20190326,125,121
DETDEN20190326,DET,DEN,20190326,92,95
WASLAL20190326,WAS,LAL,20190326,106,124
PORCHI20190327,POR,CHI,20190327,118,98
GSWMEM20190327,GSW,MEM,20190327,118,103
INDOKC20190327,IND,OKC,20190327,99,107
WASPHO20190327,WAS,PHO,20190327,124,121
LALUTA20190327,LAL,UTA,20190327,100,115
ORLDET20190328,ORL,DET,20190328,98,115
BRKPHI20190328,BRK,PHI,20190328,110,123
DALMIA20190328,DAL,MIA,20190328,99,105
TORNYK20190328,TOR,NYK,20190328,117,92
DENHOU20190328,DEN,HOU,20190328,85,112
LACMIL20190328,LAC,MIL,20190328,118,128
SACNOP20190328,SAC,NOP,20190328,118,121
CLESAS20190328,CLE,SAS,20190328,110,116
INDBOS20190329,IND,BOS,20190329,112,114
PORATL20190329,POR,ATL,20190329,118,98
GSWMIN20190329,GSW,MIN,20190329,130,131
DENOKC20190329,DEN,OKC,20190329,115,105
WASUTA20190329,WAS,UTA,20190329,124,128
CHOLAL20190329,CHO,LAL,20190329,115,129
CLELAC20190330,CLE,LAC,20190330,108,132
BOSBRK20190330,BOS,BRK,20190330,96,110
SACHOU20190330,SAC,HOU,20190330,108,119
PORDET20190330,POR,DET,20190330,90,99
ORLIND20190330,ORL,IND,20190330,121,116
MIANYK20190330,MIA,NYK,20190330,100,92
TORCHI20190330,TOR,CHI,20190330,124,101
PHIMIN20190330,PHI,MIN,20190330,118,109
MEMPHO20190330,MEM,PHO,20190330,120,115
MILATL20190331,MIL,ATL,20190331,135,136
DALOKC20190331,DAL,OKC,20190331,106,103
LALNOP20190331,LAL,NOP,20190331,130,102
SACSAS20190331,SAC,SAS,20190331,113,106
WASDEN20190331,WAS,DEN,20190331,95,90
CHOGSW20190331,CHO,GSW,20190331,90,137
MEMLAC20190331,MEM,LAC,20190331,96,113
DETIND20190401,DET,IND,20190401,102,111
MIABOS20190401,MIA,BOS,20190401,105,110
MILBRK20190401,MIL,BRK,20190401,131,121
CHINYK20190401,CHI,NYK,20190401,105,113
ORLTOR20190401,ORL,TOR,20190401,109,121
PORMIN20190401,POR,MIN,20190401,132,122
PHIDAL20190401,PHI,DAL,20190401,102,122
CHOUTA20190401,CHO,UTA,20190401,102,111
CLEPHO20190401,CLE,PHO,20190401,113,122
LALOKC20190402,LAL,OKC,20190402,103,119
ATLSAS20190402,ATL,SAS,20190402,111,117
HOUSAC20190402,HOU,SAC,20190402,130,105
DENGSW20190402,DEN,GSW,20190402,102,116
INDDET20190403,IND,DET,20190403,108,89
NYKORL20190403,NYK,ORL,20190403,100,114
CHIWAS20190403,CHI,WAS,20190403,115,114
PHIATL20190403,PHI,ATL,20190403,122,130
TORBRK20190403,TOR,BRK,20190403,115,105
BOSMIA20190403,BOS,MIA,20190403,112,102
CHONOP20190403,CHO,NOP,20190403,115,109
MINDAL20190403,MIN,DAL,20190403,110,108
SASDEN20190403,SAS,DEN,20190403,85,113
UTAPHO20190403,UTA,PHO,20190403,118,97
MEMPOR20190403,MEM,POR,20190403,89,116
HOULAC20190403,HOU,LAC,20190403,135,103
MILPHI20190404,MIL,PHI,20190404,128,122
CLESAC20190404,CLE,SAC,20190404,104,117
GSWLAL20190404,GSW,LAL,20190404,108,90
TORCHO20190405,TOR,CHO,20190405,111,113
ATLORL20190405,ATL,ORL,20190405,113,149
SASWAS20190405,SAS,WAS,20190405,129,112
NYKHOU20190405,NYK,HOU,20190405,96,120
BOSIND20190405,BOS,IND,20190405,117,97
MIAMIN20190405,MIA,MIN,20190405,109,111
DETOKC20190405,DET,OKC,20190405,110,123
MEMDAL20190405,MEM,DAL,20190405,122,112
SACUTA20190405,SAC,UTA,20190405,98,119
NOPPHO20190405,NOP,PHO,20190405,126,133
PORDEN20190405,POR,DEN,20190405,110,119
CLEGSW20190405,CLE,GSW,20190405,114,120
LALLAC20190405,LAL,LAC,20190405,122,117
BRKMIL20190406,BRK,MIL,20190406,133,128
PHICHI20190406,PHI,CHI,20190406,116,96
MIATOR20190407,MIA,TOR,20190407,109,117
SASCLE20190407,SAS,CLE,20190407,112,90
OKCMIN20190407,OKC,MIN,20190407,132,126
CHODET20190407,CHO,DET,20190407,104,91
BRKIND20190407,BRK,IND,20190407,108,96
DALMEM20190407,DAL,MEM,20190407,129,127
PHOHOU20190407,PHO,HOU,20190407,113,149
ATLMIL20190407,ATL,MIL,20190407,107,115
ORLBOS20190407,ORL,BOS,20190407,116,108
WASNYK20190407,WAS,NYK,20190407,110,113
LACGSW20190407,LAC,GSW,20190407,104,131
DENPOR20190407,DEN,POR,20190407,108,115
NOPSAC20190407,NOP,SAC,20190407,133,129
UTALAL20190407,UTA,LAL,20190407,109,113
CHOCLE20190409,CHO,CLE,20190409,124,97
MEMDET20190409,MEM,DET,20190409,93,100
BOSWAS20190409,BOS,WAS,20190409,116,110
PHIMIA20190409,PHI,MIA,20190409,99,122
NYKCHI20190409,NYK,CHI,20190409,96,86
TORMIN20190409,TOR,MIN,20190409,120,100
GSWNOP20190409,GSW,NOP,20190409,112,103
PHODAL20190409,PHO,DAL,20190409,109,120
DENUTA20190409,DEN,UTA,20190409,108,118
HOUOKC20190409,HOU,OKC,20190409,111,112
PORLAL20190409,POR,LAL,20190409,104,101
INDATL20190410,IND,ATL,20190410,135,134
MIABRK20190410,MIA,BRK,20190410,94,113
ORLCHO20190410,ORL,CHO,20190410,122,114
GSWMEM20190410,GSW,MEM,20190410,117,132
OKCMIL20190410,OKC,MIL,20190410,127,116
DETNYK20190410,DET,NYK,20190410,115,89
CHIPHI20190410,CHI,PHI,20190410,109,125
DALSAS20190410,DAL,SAS,20190410,94,105
MINDEN20190410,MIN,DEN,20190410,95,99
UTALAC20190410,UTA,LAC,20190410,137,143
SACPOR20190410,SAC,POR,20190410,131,136
BRKPHI20190413,BRK,PHI,20190413,111,102
ORLTOR20190413,ORL,TOR,20190413,104,101
LACGSW20190413,LAC,GSW,20190413,104,121
SASDEN20190413,SAS,DEN,20190413,101,96
INDBOS20190414,IND,BOS,20190414,74,84
OKCPOR20190414,OKC,POR,20190414,99,104
DETMIL20190414,DET,MIL,20190414,86,121
UTAHOU20190414,UTA,HOU,20190414,90,122
BRKPHI20190415,BRK,PHI,20190415,123,145
LACGSW20190415,LAC,GSW,20190415,135,131
ORLTOR20190416,ORL,TOR,20190416,82,111
SASDEN20190416,SAS,DEN,20190416,105,114
OKCPOR20190416,OKC,POR,20190416,94,114
INDBOS20190417,IND,BOS,20190417,91,99
DETMIL20190417,DET,MIL,20190417,99,120
UTAHOU20190417,UTA,HOU,20190417,98,118
PHIBRK20190418,PHI,BRK,20190418,131,115
DENSAS20190418,DEN,SAS,20190418,108,118
GSWLAC20190418,GSW,LAC,20190418,132,105
TORORL20190419,TOR,ORL,20190419,98,93
BOSIND20190419,BOS,IND,20190419,104,96
POROKC20190419,POR,OKC,20190419,108,120
PHIBRK20190420,PHI,BRK,20190420,112,108
DENSAS20190420,DEN,SAS,20190420,117,103
MILDET20190420,MIL,DET,20190420,119,103
HOUUTA20190420,HOU,UTA,20190420,104,101
BOSIND20190421,BOS,IND,20190421,110,106
GSWLAC20190421,GSW,LAC,20190421,113,105
TORORL20190421,TOR,ORL,20190421,107,85
POROKC20190421,POR,OKC,20190421,111,98
MILDET20190422,MIL,DET,20190422,127,104
HOUUTA20190422,HOU,UTA,20190422,91,107
ORLTOR20190423,ORL,TOR,20190423,96,115
BRKPHI20190423,BRK,PHI,20190423,100,122
SASDEN20190423,SAS,DEN,20190423,90,108
OKCPOR20190423,OKC,POR,20190423,115,118
UTAHOU20190424,UTA,HOU,20190424,93,100
LACGSW20190424,LAC,GSW,20190424,129,121
DENSAS20190425,DEN,SAS,20190425,103,120
GSWLAC20190426,GSW,LAC,20190426,129,110
PHITOR20190427,PHI,TOR,20190427,95,108
SASDEN20190427,SAS,DEN,20190427,86,90
BOSMIL20190428,BOS,MIL,20190428,112,90
HOUGSW20190428,HOU,GSW,20190428,100,104
PHITOR20190429,PHI,TOR,20190429,94,89
PORDEN20190429,POR,DEN,20190429,113,121
BOSMIL20190430,BOS,MIL,20190430,102,123
HOUGSW20190430,HOU,GSW,20190430,109,115
PORDEN20190501,POR,DEN,20190501,97,90
TORPHI20190502,TOR,PHI,20190502,95,116
MILBOS20190503,MIL,BOS,20190503,123,116
DENPOR20190503,DEN,POR,20190503,137,140
GSWHOU20190504,GSW,HOU,20190504,121,126
TORPHI20190505,TOR,PHI,20190505,101,96
DENPOR20190505,DEN,POR,20190505,116,112
MILBOS20190506,MIL,BOS,20190506,113,101
GSWHOU20190506,GSW,HOU,20190506,108,112
PHITOR20190507,PHI,TOR,20190507,89,125
PORDEN20190507,POR,DEN,20190507,98,124
BOSMIL20190508,BOS,MIL,20190508,91,116
HOUGSW20190508,HOU,GSW,20190508,99,104
TORPHI20190509,TOR,PHI,20190509,101,112
DENPOR20190509,DEN,POR,20190509,108,119
GSWHOU20190510,GSW,HOU,20190510,118,113
PORDEN20190512,POR,DEN,20190512,100,96
PHITOR20190512,PHI,TOR,20190512,90,92
PORGSW20190514,POR,GSW,20190514,94,116
TORMIL20190515,TOR,MIL,20190515,100,108
PORGSW20190516,POR,GSW,20190516,111,114
TORMIL20190517,TOR,MIL,20190517,103,125
GSWPOR20190518,GSW,POR,20190518,110,99
MILTOR20190519,MIL,TOR,20190519,112,118
GSWPOR20190520,GSW,POR,20190520,119,117
MILTOR20190521,MIL,TOR,20190521,102,120
TORMIL20190523,TOR,MIL,20190523,105,99
MILTOR20190525,MIL,TOR,20190525,94,100
GSWTOR20190530,GSW,TOR,20190530,109,118
GSWTOR20190602,GSW,TOR,20190602,109,104
TORGSW20190605,TOR,GSW,20190605,123,109
TORGSW20190607,TOR,GSW,20190607,105,92
GSWTOR20190610,GSW,TOR,20190610,106,105
TORGSW20190613,TOR,GSW,20190613,114,110
