,visitor,home,dates,visitor_score,home_score
0,NYK,CLE,20161025,88,117
1,UTA,POR,20161025,104,113
2,SAS,GSW,20161025,129,100
3,DAL,IND,20161026,121,130
4,MIA,ORL,20161026,108,96
5,DET,TOR,20161026,91,109
6,BRK,BOS,20161026,117,122
7,CHO,MIL,20161026,107,96
8,DEN,NOP,20161026,107,102
9,MIN,MEM,20161026,98,102
10,OKC,PHI,20161026,103,97
11,SAC,PHO,20161026,113,94
12,HOU,LAL,20161026,114,120
13,WAS,ATL,20161027,99,114
14,BOS,CHI,20161027,99,105
15,LAC,POR,20161027,114,106
16,SAS,SAC,20161027,102,94
17,CLE,TOR,20161028,94,91
18,IND,BRK,20161028,94,103
19,ORL,DET,20161028,82,108
20,PHO,OKC,20161028,110,113
21,CHO,MIA,20161028,97,91
22,HOU,DAL,20161028,106,98
23,LAL,UTA,20161028,89,96
24,GSW,NOP,20161028,122,114
25,ATL,PHI,20161029,104,72
26,BOS,CHO,20161029,104,98
27,ORL,CLE,20161029,99,105
28,MEM,NYK,20161029,104,111
29,NOP,SAS,20161029,79,98
30,BRK,MIL,20161029,108,110
31,IND,CHI,20161029,101,118
32,POR,DEN,20161029,115,113
33,MIN,SAC,20161029,103,106
34,UTA,LAC,20161030,75,88
35,MIL,DET,20161030,83,98
36,SAS,MIA,20161030,106,99
37,GSW,PHO,20161030,106,100
38,LAL,OKC,20161030,96,113
39,DAL,HOU,20161030,92,93
40,WAS,MEM,20161030,103,112
41,SAC,ATL,20161031,95,106
42,CHI,BRK,20161031,118,88
43,DEN,TOR,20161031,102,105
44,PHO,LAC,20161031,98,116
45,HOU,CLE,20161101,120,128
46,LAL,IND,20161101,108,115
47,ORL,PHI,20161101,103,101
48,NYK,DET,20161101,89,102
49,SAC,MIA,20161101,96,108
50,MEM,MIN,20161101,80,116
51,MIL,NOP,20161101,117,113
52,UTA,SAS,20161101,106,91
53,GSW,POR,20161101,127,104
54,PHI,CHO,20161102,93,109
55,TOR,WAS,20161102,113,103
56,LAL,ATL,20161102,123,116
57,DET,BRK,20161102,101,109
58,HOU,NYK,20161102,118,99
59,CHI,BOS,20161102,100,107
60,NOP,MEM,20161102,83,89
61,DAL,UTA,20161102,81,97
62,POR,PHO,20161102,115,118
63,OKC,LAC,20161102,85,83
64,SAC,ORL,20161103,94,102
65,BOS,CLE,20161103,122,128
66,IND,MIL,20161103,107,125
67,DEN,MIN,20161103,102,99
68,OKC,GSW,20161103,96,122
69,ATL,WAS,20161104,92,95
70,CHO,BRK,20161104,99,95
71,MIA,TOR,20161104,87,96
72,NYK,CHI,20161104,117,104
73,LAC,MEM,20161104,99,88
74,PHO,NOP,20161104,112,111
75,POR,DAL,20161104,105,95
76,SAS,UTA,20161104,100,86
77,GSW,LAL,20161104,97,117
78,MIN,OKC,20161105,92,112
79,DEN,DET,20161105,86,103
80,CHI,IND,20161105,94,111
81,WAS,ORL,20161105,86,88
82,CLE,PHI,20161105,102,101
83,HOU,ATL,20161105,97,112
84,SAC,MIL,20161105,91,117
85,LAC,SAS,20161105,116,92
86,UTA,NYK,20161106,114,109
87,POR,MEM,20161106,100,94
88,SAC,TOR,20161106,96,91
89,MIL,DAL,20161106,75,86
90,DEN,BOS,20161106,123,107
91,PHO,LAL,20161106,108,119
92,IND,CHO,20161107,100,122
93,UTA,PHI,20161107,109,84
94,HOU,WAS,20161107,114,106
95,ORL,CHI,20161107,80,112
96,MIA,OKC,20161107,85,97
97,NOP,GSW,20161107,106,116
98,DET,LAC,20161107,82,114
99,ATL,CLE,20161108,110,106
100,MIN,BRK,20161108,110,119
101,DEN,MEM,20161108,107,108
102,PHO,POR,20161108,121,124
103,DAL,LAL,20161108,109,97
104,NOP,SAC,20161108,94,102
105,UTA,CHO,20161109,98,104
106,PHI,IND,20161109,115,122
107,BRK,NYK,20161109,96,110
108,MIN,ORL,20161109,123,107
109,BOS,WAS,20161109,93,118
110,CHI,ATL,20161109,107,115
111,TOR,OKC,20161109,112,102
112,DET,PHO,20161109,100,107
113,HOU,SAS,20161109,101,99
114,DAL,GSW,20161109,95,116
115,POR,LAC,20161109,80,111
116,CHI,MIA,20161110,98,95
117,NOP,MIL,20161110,112,106
118,GSW,DEN,20161110,125,101
119,LAL,SAC,20161110,101,91
120,TOR,CHO,20161111,113,111
121,UTA,ORL,20161111,87,74
122,IND,PHI,20161111,105,109
123,CLE,WAS,20161111,105,94
124,NYK,BOS,20161111,87,115
125,LAC,OKC,20161111,110,108
126,DET,SAS,20161111,86,96
127,SAC,POR,20161111,120,122
128,BOS,IND,20161112,105,99
129,LAL,NOP,20161112,126,99
130,PHI,ATL,20161112,96,117
131,NYK,TOR,20161112,107,118
132,WAS,CHI,20161112,95,106
133,SAS,HOU,20161112,106,100
134,UTA,MIA,20161112,102,91
135,LAC,MIN,20161112,119,105
136,MEM,MIL,20161112,96,106
137,DET,DEN,20161112,106,95
138,BRK,PHO,20161112,122,104
139,CHO,CLE,20161113,93,100
140,LAL,MIN,20161113,99,125
141,ORL,OKC,20161113,119,117
142,PHO,GSW,20161113,120,133
143,DEN,POR,20161113,105,112
144,ORL,IND,20161114,69,88
145,OKC,DET,20161114,88,104
146,DAL,NYK,20161114,77,93
147,PHI,HOU,20161114,88,115
148,BOS,NOP,20161114,105,106
149,MIA,SAS,20161114,90,94
150,MEM,UTA,20161114,102,96
151,BRK,LAC,20161114,95,127
152,TOR,CLE,20161115,117,121
153,ATL,MIA,20161115,93,90
154,CHO,MIN,20161115,115,108
155,CHI,POR,20161115,113,88
156,BRK,LAL,20161115,118,125
157,CLE,IND,20161116,93,103
158,NOP,ORL,20161116,82,89
159,WAS,PHI,20161116,102,109
160,MIL,ATL,20161116,100,107
161,DAL,BOS,20161116,83,90
162,DET,NYK,20161116,102,105
163,HOU,OKC,20161116,103,105
164,GSW,TOR,20161116,127,121
165,PHO,DEN,20161116,104,120
166,MEM,LAC,20161116,111,107
167,SAS,SAC,20161116,110,105
168,NYK,WAS,20161117,112,119
169,MIL,MIA,20161117,73,96
170,POR,HOU,20161117,109,126
171,PHI,MIN,20161117,86,110
172,CHI,UTA,20161117,85,77
173,ATL,CHO,20161118,96,100
174,PHO,IND,20161118,116,96
175,DET,CLE,20161118,81,104
176,GSW,BOS,20161118,104,88
177,POR,NOP,20161118,101,113
178,BRK,OKC,20161118,105,124
179,MEM,DAL,20161118,80,64
180,TOR,DEN,20161118,113,111
181,SAS,LAL,20161118,116,107
182,LAC,SAC,20161118,121,115
183,UTA,HOU,20161119,102,111
184,BOS,DET,20161119,94,92
185,CHO,NOP,20161119,116,121
186,DAL,ORL,20161119,87,95
187,MIA,WAS,20161119,114,111
188,PHO,PHI,20161119,105,120
189,MIN,MEM,20161119,71,93
190,GSW,MIL,20161119,124,121
191,CHI,LAC,20161119,95,102
192,ATL,NYK,20161120,94,104
193,POR,BRK,20161120,129,109
194,IND,OKC,20161120,115,111
195,UTA,DEN,20161120,91,105
196,TOR,SAC,20161120,99,102
197,CHI,LAL,20161120,118,110
198,MEM,CHO,20161121,105,90
199,GSW,IND,20161121,120,83
200,MIA,PHI,20161121,94,101
201,PHO,WAS,20161121,101,106
202,HOU,DET,20161121,99,96
203,ORL,MIL,20161121,89,93
204,BOS,MIN,20161121,99,93
205,DAL,SAS,20161121,91,96
206,TOR,LAC,20161121,115,123
207,NOP,ATL,20161122,112,94
208,POR,NYK,20161122,103,107
209,CHI,DEN,20161122,107,110
210,OKC,LAL,20161122,109,111
211,SAS,CHO,20161123,119,114
212,POR,CLE,20161123,125,137
213,ATL,IND,20161123,96,85
214,PHO,ORL,20161123,92,87
215,MEM,PHI,20161123,104,99
216,BOS,BRK,20161123,111,92
217,MIA,DET,20161123,84,107
218,TOR,HOU,20161123,115,102
219,LAC,DAL,20161123,124,104
220,DEN,UTA,20161123,83,108
221,MIN,NOP,20161123,96,117
222,LAL,GSW,20161123,106,149
223,OKC,SAC,20161123,101,116
224,SAS,BOS,20161125,109,103
225,WAS,ORL,20161125,94,91
226,DAL,CLE,20161125,90,128
227,LAC,DET,20161125,97,108
228,CHO,NYK,20161125,111,113
229,CHI,PHI,20161125,105,89
230,BRK,IND,20161125,97,118
231,MIA,MEM,20161125,90,81
232,TOR,MIL,20161125,105,99
233,ATL,UTA,20161125,68,95
234,OKC,DEN,20161125,132,129
235,MIN,PHO,20161125,98,85
236,NOP,POR,20161125,104,119
237,GSW,LAL,20161125,109,85
238,HOU,SAC,20161125,117,104
239,NYK,CHO,20161126,102,107
240,SAS,WAS,20161126,112,100
241,MEM,MIA,20161126,110,107
242,DET,OKC,20161126,88,106
243,MIN,GSW,20161126,102,115
244,CLE,PHI,20161127,112,108
245,DEN,PHO,20161127,120,114
246,SAC,BRK,20161127,122,105
247,LAC,IND,20161127,70,91
248,MIL,ORL,20161127,104,96
249,NOP,DAL,20161127,81,91
250,HOU,POR,20161127,130,114
251,ATL,LAL,20161127,94,109
252,SAC,WAS,20161128,95,101
253,BOS,MIA,20161128,112,104
254,OKC,NYK,20161128,112,103
255,PHI,TOR,20161128,95,122
256,CHO,MEM,20161128,104,85
257,UTA,MIN,20161128,112,103
258,ATL,GSW,20161128,100,105
259,DET,CHO,20161129,112,89
260,LAC,BRK,20161129,122,127
261,CLE,MIL,20161129,101,118
262,LAL,NOP,20161129,88,105
263,ORL,SAS,20161129,95,83
264,HOU,UTA,20161129,101,120
265,DET,BOS,20161130,121,114
266,MEM,TOR,20161130,105,120
267,LAL,CHI,20161130,96,90
268,NYK,MIN,20161130,106,104
269,WAS,OKC,20161130,115,126
270,SAS,DAL,20161130,94,87
271,MIA,DEN,20161130,106,98
272,ATL,PHO,20161130,107,109
273,IND,POR,20161130,109,131
274,DAL,CHO,20161201,87,97
275,MIL,BRK,20161201,111,93
276,LAC,CLE,20161201,113,94
277,ORL,MEM,20161201,94,95
278,MIA,UTA,20161201,111,110
279,HOU,GSW,20161201,132,127
280,ORL,PHI,20161202,105,88
281,SAC,BOS,20161202,92,97
282,MIN,NYK,20161202,114,118
283,LAL,TOR,20161202,80,113
284,DET,ATL,20161202,121,85
285,CLE,CHI,20161202,105,111
286,LAC,NOP,20161202,114,96
287,WAS,SAS,20161202,105,107
288,HOU,DEN,20161202,128,110
289,BRK,MIL,20161203,103,112
290,MIN,CHO,20161203,125,120
291,BOS,PHI,20161203,107,106
292,ATL,TOR,20161203,84,128
293,LAL,MEM,20161203,100,103
294,CHI,DAL,20161203,82,107
295,DEN,UTA,20161203,98,105
296,MIA,POR,20161203,92,99
297,PHO,GSW,20161203,109,138
298,ORL,DET,20161204,98,92
299,NOP,OKC,20161204,92,101
300,SAC,NYK,20161204,98,106
301,IND,LAC,20161204,111,102
302,DEN,PHI,20161205,106,98
303,OKC,ATL,20161205,102,99
304,WAS,BRK,20161205,118,113
305,CLE,TOR,20161205,116,112
306,POR,CHI,20161205,112,110
307,BOS,HOU,20161205,106,107
308,SAS,MIL,20161205,97,96
309,MEM,NOP,20161205,110,108
310,CHO,DAL,20161205,109,101
311,IND,GSW,20161205,106,142
312,UTA,LAL,20161205,107,101
313,ORL,WAS,20161206,124,116
314,CHI,DET,20161206,91,102
315,NYK,MIA,20161206,114,103
316,PHI,MEM,20161206,91,96
317,SAS,MIN,20161206,105,91
318,PHO,UTA,20161206,105,112
319,DET,CHO,20161207,77,87
320,BOS,ORL,20161207,117,87
321,MIA,ATL,20161207,95,103
322,DEN,BRK,20161207,111,116
323,LAL,HOU,20161207,95,134
324,POR,MIL,20161207,107,115
325,CLE,NYK,20161207,126,94
326,SAC,DAL,20161207,120,89
327,IND,PHO,20161207,109,94
328,GSW,LAC,20161207,115,98
329,MIN,TOR,20161208,110,124
330,DEN,WAS,20161208,85,92
331,POR,MEM,20161208,86,88
332,PHI,NOP,20161208,99,88
333,GSW,UTA,20161208,106,99
334,SAS,CHI,20161208,91,95
335,ORL,CHO,20161209,88,109
336,TOR,BOS,20161209,101,94
337,MIA,CLE,20161209,84,114
338,ATL,MIL,20161209,114,110
339,DET,MIN,20161209,117,90
340,HOU,OKC,20161209,102,99
341,IND,DAL,20161209,103,111
342,PHO,LAL,20161209,119,115
343,NYK,SAC,20161209,103,100
344,POR,IND,20161210,111,118
345,DEN,ORL,20161210,121,113
346,MIL,WAS,20161210,105,110
347,CHO,CLE,20161210,105,116
348,MIA,CHI,20161210,100,105
349,DAL,HOU,20161210,87,109
350,GSW,MEM,20161210,89,110
351,BRK,SAS,20161210,101,130
352,SAC,UTA,20161210,84,104
353,NOP,LAC,20161210,105,133
354,PHI,DET,20161211,97,79
355,GSW,MIN,20161211,116,108
356,BOS,OKC,20161211,96,99
357,NOP,PHO,20161211,120,119
358,NYK,LAL,20161211,118,112
359,CHO,IND,20161212,94,110
360,WAS,MIA,20161212,101,112
361,MIL,TOR,20161212,100,122
362,BRK,HOU,20161212,118,122
363,DEN,DAL,20161212,92,112
364,POR,LAC,20161212,120,121
365,LAL,SAC,20161212,92,116
366,MEM,CLE,20161213,86,103
367,ORL,ATL,20161213,131,120
368,MIN,CHI,20161213,99,94
369,GSW,NOP,20161213,113,109
370,NYK,PHO,20161213,111,113
371,OKC,POR,20161213,95,114
372,IND,MIA,20161214,89,95
373,LAC,ORL,20161214,113,108
374,TOR,PHI,20161214,123,114
375,CHO,WAS,20161214,106,109
376,LAL,BRK,20161214,97,107
377,SAC,HOU,20161214,98,132
378,CLE,MEM,20161214,85,93
379,DET,DAL,20161214,95,85
380,OKC,UTA,20161214,89,109
381,BOS,SAS,20161214,101,108
382,CHI,MIL,20161215,97,108
383,IND,NOP,20161215,95,102
384,POR,DEN,20161215,120,132
385,SAS,PHO,20161215,107,92
386,NYK,GSW,20161215,90,103
387,BRK,ORL,20161216,111,118
388,DET,WAS,20161216,108,122
389,CHO,BOS,20161216,88,96
390,ATL,TOR,20161216,125,121
391,MIL,CHI,20161216,95,69
392,NOP,HOU,20161216,100,122
393,SAC,MEM,20161216,96,92
394,LAC,MIA,20161216,102,98
395,LAL,PHI,20161216,100,89
396,DAL,UTA,20161216,100,103
397,PHO,OKC,20161217,101,114
398,IND,DET,20161217,105,90
399,CHO,ATL,20161217,107,99
400,LAL,CLE,20161217,108,119
401,HOU,MIN,20161217,111,109
402,NYK,DEN,20161217,114,127
403,POR,GSW,20161217,90,135
404,LAC,WAS,20161218,110,117
405,SAC,DAL,20161218,79,99
406,UTA,MEM,20161218,82,73
407,BOS,MIA,20161218,105,95
408,TOR,ORL,20161218,109,79
409,BRK,PHI,20161218,107,108
410,NOP,SAS,20161218,100,113
411,WAS,IND,20161219,105,107
412,DET,CHI,20161219,82,113
413,PHO,MIN,20161219,108,115
414,ATL,OKC,20161219,110,108
415,DAL,DEN,20161219,107,117
416,LAL,CHO,20161220,113,117
417,NOP,PHI,20161220,108,93
418,ORL,MIA,20161220,136,130
419,IND,NYK,20161220,111,118
420,BRK,TOR,20161220,104,116
421,SAS,HOU,20161220,102,100
422,BOS,MEM,20161220,112,109
423,CLE,MIL,20161220,114,108
424,UTA,GSW,20161220,74,104
425,DEN,LAC,20161220,102,119
426,POR,SAC,20161220,121,126
427,MIL,CLE,20161221,102,113
428,MIN,ATL,20161221,92,84
429,MEM,DET,20161221,98,86
430,WAS,CHI,20161221,107,97
431,OKC,NOP,20161221,121,110
432,HOU,PHO,20161221,125,111
433,SAC,UTA,20161221,94,93
434,DAL,POR,20161221,96,95
435,BOS,IND,20161222,109,102
436,GSW,BRK,20161222,117,101
437,ORL,NYK,20161222,95,106
438,LAL,MIA,20161222,107,115
439,SAS,LAC,20161222,101,106
440,CHI,CHO,20161223,91,103
441,LAL,ORL,20161223,90,109
442,OKC,BOS,20161223,117,112
443,BRK,CLE,20161223,99,119
444,GSW,DET,20161223,119,113
445,HOU,MEM,20161223,109,115
446,WAS,MIL,20161223,96,123
447,SAC,MIN,20161223,109,105
448,MIA,NOP,20161223,87,91
449,ATL,DEN,20161223,109,108
450,PHI,PHO,20161223,116,123
451,TOR,UTA,20161223,104,98
452,SAS,POR,20161223,110,90
453,DAL,LAC,20161223,90,88
454,BOS,NYK,20161225,119,114
455,GSW,CLE,20161225,108,109
456,CHI,SAS,20161225,100,119
457,MIN,OKC,20161225,100,112
458,LAC,LAL,20161225,102,111
459,MEM,ORL,20161226,102,112
460,MIL,WAS,20161226,102,107
461,CHO,BRK,20161226,118,120
462,CLE,DET,20161226,90,106
463,IND,CHI,20161226,85,90
464,PHO,HOU,20161226,115,131
465,ATL,MIN,20161226,90,104
466,DAL,NOP,20161226,104,111
467,TOR,POR,20161226,95,91
468,DEN,LAC,20161226,106,102
469,PHI,SAC,20161226,100,102
470,MEM,BOS,20161227,103,113
471,OKC,MIA,20161227,106,94
472,HOU,DAL,20161227,123,107
473,UTA,LAL,20161227,102,100
474,CHO,ORL,20161228,120,101
475,IND,WAS,20161228,105,111
476,NYK,ATL,20161228,98,102
477,MIL,DET,20161228,119,94
478,BRK,CHI,20161228,99,101
479,LAC,NOP,20161228,98,102
480,PHO,SAS,20161228,98,119
481,MIN,DEN,20161228,103,105
482,SAC,POR,20161228,89,102
483,TOR,GSW,20161228,111,121
484,MIA,CHO,20161229,82,91
485,BOS,CLE,20161229,118,124
486,OKC,MEM,20161229,80,114
487,TOR,PHO,20161229,91,99
488,PHI,UTA,20161229,83,100
489,DAL,LAL,20161229,101,89
490,CHI,IND,20161230,101,111
491,BRK,WAS,20161230,95,118
492,MIA,BOS,20161230,114,117
493,DET,ATL,20161230,98,105
494,LAC,HOU,20161230,116,140
495,MIL,MIN,20161230,99,116
496,NYK,NOP,20161230,92,104
497,POR,SAS,20161230,94,110
498,PHI,DEN,20161230,124,122
499,DAL,GSW,20161230,99,108
500,MEM,SAC,20161231,112,98
501,MIL,CHI,20161231,116,96
502,CLE,CHO,20161231,121,109
503,NYK,HOU,20161231,122,129
504,LAC,OKC,20161231,88,114
505,PHO,UTA,20161231,86,91
506,SAS,ATL,20170101,112,114
507,ORL,IND,20170101,104,117
508,DET,MIA,20170101,107,98
509,POR,MIN,20170101,95,89
510,TOR,LAL,20170101,123,114
511,NOP,CLE,20170102,82,90
512,OKC,MIL,20170102,94,98
513,UTA,BRK,20170102,101,89
514,ORL,NYK,20170102,115,103
515,CHO,CHI,20170102,111,118
516,WAS,HOU,20170102,91,101
517,DEN,GSW,20170102,119,127
518,PHO,LAC,20170102,98,109
519,MIN,PHI,20170103,91,93
520,UTA,BOS,20170103,104,115
521,IND,DET,20170103,121,116
522,WAS,DAL,20170103,105,113
523,TOR,SAS,20170103,82,110
524,SAC,DEN,20170103,120,113
525,MIA,PHO,20170103,90,99
526,MEM,LAL,20170103,102,116
527,OKC,CHO,20170104,112,123
528,ATL,ORL,20170104,111,92
529,MIL,NYK,20170104,105,104
530,CHI,CLE,20170104,106,94
531,POR,GSW,20170104,117,125
532,MEM,LAC,20170104,106,115
533,MIA,SAC,20170104,107,102
534,BRK,IND,20170105,109,121
535,CHO,DET,20170105,114,115
536,UTA,TOR,20170105,93,101
537,OKC,HOU,20170105,116,118
538,ATL,NOP,20170105,99,94
539,PHO,DAL,20170105,102,95
540,SAS,DEN,20170105,127,99
541,LAL,POR,20170105,109,118
542,HOU,ORL,20170106,100,93
543,MIN,WAS,20170106,105,112
544,PHI,BOS,20170106,106,110
545,CLE,BRK,20170106,116,108
546,NYK,MIL,20170106,116,111
547,MEM,GSW,20170106,128,119
548,MIA,LAL,20170106,100,127
549,LAC,SAC,20170106,106,98
550,NYK,IND,20170107,109,123
551,NOP,BOS,20170107,108,117
552,TOR,CHI,20170107,118,123
553,UTA,MIN,20170107,94,92
554,DEN,OKC,20170107,106,121
555,ATL,DAL,20170107,97,82
556,CHO,SAS,20170107,85,102
557,PHI,BRK,20170108,105,95
558,WAS,MIL,20170108,107,101
559,MIA,LAC,20170108,86,98
560,HOU,TOR,20170108,129,122
561,UTA,MEM,20170108,79,88
562,CLE,PHO,20170108,120,116
563,DET,POR,20170108,125,124
564,GSW,SAC,20170108,117,106
565,ORL,LAL,20170108,95,111
566,NOP,NYK,20170109,110,96
567,OKC,CHI,20170109,109,94
568,DAL,MIN,20170109,92,101
569,CHI,WAS,20170110,99,101
570,ATL,BRK,20170110,117,97
571,BOS,TOR,20170110,106,114
572,CHO,HOU,20170110,114,121
573,MIL,SAS,20170110,109,107
574,CLE,UTA,20170110,92,100
575,MIA,GSW,20170110,95,107
576,POR,LAL,20170110,108,87
577,DET,SAC,20170110,94,100
578,NYK,PHI,20170111,97,98
579,WAS,BOS,20170111,108,117
580,HOU,MIN,20170111,105,119
581,MEM,OKC,20170111,95,103
582,ORL,LAC,20170111,96,105
583,CLE,POR,20170111,86,102
584,IND,DEN,20170112,112,140
585,NOP,BRK,20170112,104,95
586,CHI,NYK,20170112,89,104
587,LAL,SAS,20170112,94,134
588,DAL,PHO,20170112,113,108
589,DET,GSW,20170112,107,127
590,CHO,PHI,20170113,93,102
591,BRK,TOR,20170113,113,132
592,BOS,ATL,20170113,103,101
593,MEM,HOU,20170113,110,105
594,MIA,MIL,20170113,108,116
595,OKC,MIN,20170113,86,96
596,ORL,POR,20170113,115,109
597,CLE,SAC,20170113,120,108
598,DET,UTA,20170113,77,110
599,LAL,LAC,20170114,97,113
600,NOP,CHI,20170114,99,107
601,SAS,PHO,20170114,105,108
602,PHI,WAS,20170114,93,109
603,ORL,UTA,20170114,107,114
604,MIN,DAL,20170115,87,98
605,MIL,ATL,20170115,98,111
606,NYK,TOR,20170115,101,116
607,HOU,BRK,20170115,137,112
608,CHI,MEM,20170115,108,104
609,OKC,SAC,20170115,122,118
610,DET,LAL,20170115,102,97
611,ATL,NYK,20170116,108,107
612,POR,WAS,20170116,101,120
613,PHI,MIL,20170116,113,104
614,NOP,IND,20170116,95,98
615,ORL,DEN,20170116,112,125
616,CHO,BOS,20170116,98,108
617,CLE,GSW,20170116,91,126
618,UTA,PHO,20170116,106,101
619,OKC,LAC,20170116,98,120
620,TOR,BRK,20170117,119,109
621,HOU,MIA,20170117,103,109
622,DAL,CHI,20170117,99,98
623,MIN,SAS,20170117,114,122
624,DEN,LAL,20170117,127,121
625,POR,CHO,20170118,85,107
626,TOR,PHI,20170118,89,94
627,MEM,WAS,20170118,101,104
628,NYK,BOS,20170118,117,106
629,ATL,DET,20170118,95,118
630,MIL,HOU,20170118,92,111
631,ORL,NOP,20170118,98,118
632,OKC,GSW,20170118,100,121
633,IND,SAC,20170118,106,100
634,PHO,CLE,20170119,103,118
635,DAL,MIA,20170119,95,99
636,WAS,NYK,20170119,113,110
637,DEN,SAS,20170119,104,118
638,MIN,LAC,20170119,104,101
639,TOR,CHO,20170120,78,113
640,MIL,ORL,20170120,96,112
641,POR,PHI,20170120,92,93
642,CHI,ATL,20170120,93,102
643,GSW,HOU,20170120,125,108
644,SAC,MEM,20170120,91,107
645,BRK,NOP,20170120,143,114
646,UTA,DAL,20170120,112,107
647,IND,LAL,20170120,95,108
648,POR,BOS,20170121,127,123
649,WAS,DET,20170121,112,113
650,PHI,ATL,20170121,93,110
651,BRK,CHO,20170121,105,112
652,MIL,MIA,20170121,97,109
653,PHO,NYK,20170121,107,105
654,HOU,MEM,20170121,119,95
655,SAS,CLE,20170121,118,115
656,SAC,CHI,20170121,99,102
657,LAC,DEN,20170121,98,123
658,IND,UTA,20170121,100,109
659,GSW,ORL,20170122,118,98
660,LAL,DAL,20170122,73,122
661,PHO,TOR,20170122,115,103
662,DEN,MIN,20170122,108,111
663,WAS,CHO,20170123,109,99
664,LAC,ATL,20170123,115,105
665,SAS,BRK,20170123,112,86
666,SAC,DET,20170123,109,104
667,GSW,MIA,20170123,102,105
668,NYK,IND,20170123,109,103
669,HOU,MIL,20170123,114,127
670,CLE,NOP,20170123,122,124
671,OKC,UTA,20170123,97,95
672,CHI,ORL,20170124,100,92
673,LAC,PHI,20170124,110,121
674,SAS,TOR,20170124,108,106
675,BOS,WAS,20170124,108,123
676,UTA,DEN,20170124,93,103
677,MIN,PHO,20170124,112,111
678,SAC,CLE,20170125,116,112
679,HOU,BOS,20170125,109,120
680,MIA,BRK,20170125,109,106
681,ATL,CHI,20170125,119,114
682,GSW,CHO,20170125,113,103
683,TOR,MEM,20170125,99,101
684,PHI,MIL,20170125,114,109
685,OKC,NOP,20170125,114,105
686,NYK,DAL,20170125,95,103
687,LAL,POR,20170125,98,105
688,IND,MIN,20170126,109,103
689,DAL,OKC,20170126,98,109
690,PHO,DEN,20170126,120,127
691,LAL,UTA,20170126,88,96
692,SAC,IND,20170127,111,115
693,ORL,BOS,20170127,98,128
694,BRK,CLE,20170127,116,124
695,CHO,NYK,20170127,107,110
696,MIL,TOR,20170127,86,102
697,WAS,ATL,20170127,112,86
698,MIA,CHI,20170127,100,88
699,SAS,NOP,20170127,103,119
700,HOU,PHI,20170127,123,118
701,MEM,POR,20170127,109,112
702,SAC,CHO,20170128,109,106
703,DET,MIA,20170128,103,116
704,BOS,MIL,20170128,112,108
705,LAC,GSW,20170128,98,144
706,BRK,MIN,20170128,109,129
707,DEN,PHO,20170128,123,112
708,MEM,UTA,20170128,102,95
709,NYK,ATL,20170129,139,142
710,OKC,CLE,20170129,91,107
711,HOU,IND,20170129,101,120
712,WAS,NOP,20170129,107,94
713,ORL,TOR,20170129,114,113
714,PHI,CHI,20170129,108,121
715,DAL,SAS,20170129,105,101
716,GSW,POR,20170129,113,111
717,SAC,PHI,20170130,119,122
718,BRK,MIA,20170130,96,104
719,DET,BOS,20170130,109,113
720,ORL,MIN,20170130,105,111
721,CLE,DAL,20170130,97,104
722,MEM,PHO,20170130,115,96
723,NOP,TOR,20170131,106,108
724,NYK,WAS,20170131,101,117
725,SAC,HOU,20170131,83,105
726,OKC,SAS,20170131,94,108
727,CHO,POR,20170131,98,115
728,DEN,LAL,20170131,116,120
729,MIN,CLE,20170201,97,125
730,IND,ORL,20170201,98,88
731,TOR,BOS,20170201,104,109
732,NYK,BRK,20170201,95,90
733,NOP,DET,20170201,98,118
734,ATL,MIA,20170201,93,116
735,PHI,DAL,20170201,95,113
736,MEM,DEN,20170201,119,99
737,LAC,PHO,20170201,124,114
738,MIL,UTA,20170201,88,104
739,CHI,OKC,20170201,128,100
740,CHO,GSW,20170201,111,126
741,LAL,WAS,20170202,108,116
742,ATL,HOU,20170202,113,108
743,PHI,SAS,20170202,86,102
744,GSW,LAC,20170202,133,120
745,TOR,ORL,20170203,94,102
746,IND,BRK,20170203,106,97
747,MIN,DET,20170203,108,116
748,LAL,BOS,20170203,107,113
749,CHI,HOU,20170203,117,121
750,MEM,OKC,20170203,102,114
751,MIL,DEN,20170203,117,121
752,DAL,POR,20170203,108,104
753,PHO,SAC,20170203,105,103
754,ORL,ATL,20170204,86,113
755,DET,IND,20170204,84,105
756,NOP,WAS,20170204,91,105
757,PHI,MIA,20170204,102,125
758,CLE,NYK,20170204,111,104
759,MEM,MIN,20170204,107,99
760,MIL,PHO,20170204,137,112
761,DEN,SAS,20170204,97,121
762,CHO,UTA,20170204,98,105
763,GSW,SAC,20170204,106,109
764,TOR,BRK,20170205,103,95
765,LAC,BOS,20170205,102,107
766,POR,OKC,20170205,99,105
767,OKC,IND,20170206,90,93
768,LAL,NYK,20170206,121,107
769,CLE,WAS,20170206,140,135
770,UTA,ATL,20170206,120,95
771,PHI,DET,20170206,96,113
772,LAC,TOR,20170206,109,118
773,MIA,MIN,20170206,115,113
774,PHO,NOP,20170206,106,111
775,DAL,DEN,20170206,87,110
776,SAS,MEM,20170206,74,89
777,CHI,SAC,20170206,112,107
778,BRK,CHO,20170207,107,111
779,ORL,HOU,20170207,104,128
780,POR,DAL,20170207,114,113
781,CLE,IND,20170208,132,117
782,SAS,PHI,20170208,111,103
783,DEN,ATL,20170208,106,117
784,WAS,BRK,20170208,114,110
785,LAL,DET,20170208,102,121
786,PHO,MEM,20170208,91,110
787,MIA,MIL,20170208,106,88
788,TOR,MIN,20170208,109,112
789,UTA,NOP,20170208,127,94
790,LAC,NYK,20170208,119,115
791,CHI,GSW,20170208,92,123
792,BOS,SAC,20170208,92,108
793,HOU,CHO,20170209,107,95
794,PHI,ORL,20170209,112,111
795,CLE,OKC,20170209,109,118
796,UTA,DAL,20170209,105,112
797,BOS,POR,20170209,120,111
798,MIA,BRK,20170210,108,99
799,SAS,DET,20170210,103,92
800,DEN,NYK,20170210,131,123
801,GSW,MEM,20170210,122,107
802,LAL,MIL,20170210,122,114
803,NOP,MIN,20170210,122,106
804,IND,WAS,20170210,107,112
805,CHI,PHO,20170210,97,115
806,ATL,SAC,20170210,107,108
807,LAC,CHO,20170211,107,102
808,MIL,IND,20170211,116,100
809,DEN,CLE,20170211,109,125
810,MIA,PHI,20170211,109,117
811,GSW,OKC,20170211,130,114
812,ORL,DAL,20170211,80,112
813,PHO,HOU,20170211,102,133
814,BOS,UTA,20170211,112,104
815,CHI,MIN,20170212,89,117
816,SAS,NYK,20170212,90,94
817,DET,TOR,20170212,102,101
818,NOP,SAC,20170212,99,105
819,PHI,CHO,20170213,105,99
820,SAS,IND,20170213,110,106
821,MEM,BRK,20170213,112,103
822,ORL,MIA,20170213,116,107
823,DET,MIL,20170213,89,102
824,OKC,WAS,20170213,98,120
825,BOS,DAL,20170213,111,98
826,GSW,DEN,20170213,110,132
827,NOP,PHO,20170213,110,108
828,LAC,UTA,20170213,88,72
829,ATL,POR,20170213,109,104
830,TOR,CHI,20170214,94,105
831,CLE,MIN,20170214,116,108
832,SAC,LAL,20170214,97,96
833,IND,CLE,20170215,104,113
834,SAS,ORL,20170215,107,79
835,PHI,BOS,20170215,108,116
836,MIL,BRK,20170215,129,125
837,DAL,DET,20170215,91,98
838,CHO,TOR,20170215,85,90
839,MIA,HOU,20170215,117,109
840,NOP,MEM,20170215,95,91
841,MIN,DEN,20170215,112,99
842,LAL,PHO,20170215,101,137
843,POR,UTA,20170215,88,111
844,NYK,OKC,20170215,105,116
845,SAC,GSW,20170215,86,109
846,ATL,LAC,20170215,84,99
847,WAS,IND,20170216,111,98
848,BOS,CHI,20170216,103,104
849,POR,ORL,20170223,112,103
850,CHO,DET,20170223,108,114
851,NYK,CLE,20170223,104,119
852,HOU,NOP,20170223,129,99
853,LAC,GSW,20170223,113,123
854,DEN,SAC,20170223,100,116
855,MEM,IND,20170224,92,102
856,WAS,PHI,20170224,112,120
857,MIA,ATL,20170224,108,90
858,PHO,CHI,20170224,121,128
859,UTA,MIL,20170224,109,95
860,DAL,MIN,20170224,84,97
861,LAL,OKC,20170224,93,110
862,BOS,TOR,20170224,97,107
863,BRK,DEN,20170224,109,129
864,SAS,LAC,20170224,105,97
865,CHO,SAC,20170225,99,85
866,ATL,ORL,20170225,86,105
867,PHI,NYK,20170225,109,110
868,IND,MIA,20170225,95,113
869,CHI,CLE,20170225,117,99
870,NOP,DAL,20170225,83,96
871,MIN,HOU,20170225,130,142
872,BRK,GSW,20170225,95,112
873,SAS,LAL,20170226,119,98
874,PHO,MIL,20170226,96,100
875,MEM,DEN,20170226,105,98
876,UTA,WAS,20170226,102,92
877,BOS,DET,20170226,104,98
878,POR,TOR,20170226,106,112
879,NOP,OKC,20170226,110,118
880,CHO,LAC,20170226,121,124
881,MIL,CLE,20170227,95,102
882,TOR,NYK,20170227,92,91
883,GSW,PHI,20170227,119,108
884,ATL,BOS,20170227,114,98
885,MIA,DAL,20170227,89,96
886,IND,HOU,20170227,117,108
887,MIN,SAC,20170227,102,88
888,GSW,WAS,20170228,108,112
889,POR,DET,20170228,113,120
890,DEN,CHI,20170228,125,107
891,PHO,MEM,20170228,112,130
892,UTA,OKC,20170228,106,109
893,CHO,LAL,20170228,109,104
894,NYK,ORL,20170301,101,90
895,DAL,ATL,20170301,95,100
896,PHI,MIA,20170301,98,125
897,WAS,TOR,20170301,105,96
898,CLE,BOS,20170301,99,103
899,DEN,MIL,20170301,110,98
900,DET,NOP,20170301,86,109
901,IND,SAS,20170301,99,100
902,MIN,UTA,20170301,107,80
903,HOU,LAC,20170301,122,103
904,BRK,SAC,20170301,109,100
905,GSW,CHI,20170302,87,94
906,CHO,PHO,20170302,103,120
907,OKC,POR,20170302,109,114
908,CLE,ATL,20170303,135,130
909,MIA,ORL,20170303,99,110
910,NYK,PHI,20170303,102,105
911,TOR,WAS,20170303,114,106
912,LAC,MIL,20170303,101,112
913,MEM,DAL,20170303,100,104
914,OKC,PHO,20170303,111,118
915,BRK,UTA,20170303,97,112
916,SAS,NOP,20170303,101,98
917,BOS,LAL,20170303,115,95
918,DET,PHI,20170304,136,106
919,CLE,MIA,20170304,92,120
920,TOR,MIL,20170304,94,101
921,LAC,CHI,20170304,101,91
922,CHO,DEN,20170304,112,102
923,MEM,HOU,20170304,108,123
924,MIN,SAS,20170304,90,97
925,BRK,POR,20170304,116,130
926,IND,ATL,20170305,97,96
927,GSW,NYK,20170305,112,105
928,BOS,PHO,20170305,106,109
929,ORL,WAS,20170305,114,115
930,UTA,SAC,20170305,110,109
931,OKC,DAL,20170305,89,104
932,NOP,LAL,20170305,105,97
933,MIA,CLE,20170306,106,98
934,NYK,ORL,20170306,113,105
935,MIL,PHI,20170306,112,98
936,GSW,ATL,20170306,119,111
937,CHI,DET,20170306,95,109
938,IND,CHO,20170306,88,100
939,BRK,MEM,20170306,122,109
940,HOU,SAS,20170306,110,112
941,SAC,DEN,20170306,96,108
942,NOP,UTA,20170306,83,88
943,BOS,LAC,20170306,102,116
944,POR,OKC,20170307,126,121
945,LAL,DAL,20170307,111,122
946,WAS,PHO,20170307,131,127
947,CHI,ORL,20170308,91,98
948,BRK,ATL,20170308,105,110
949,CHO,MIA,20170308,101,108
950,UTA,HOU,20170308,115,108
951,DET,IND,20170308,98,115
952,NYK,MIL,20170308,93,104
953,LAC,MIN,20170308,91,107
954,TOR,NOP,20170308,94,87
955,SAC,SAS,20170308,104,114
956,WAS,DEN,20170308,123,113
957,BOS,GSW,20170308,99,86
958,CLE,DET,20170309,101,106
959,LAC,MEM,20170309,114,98
960,SAS,OKC,20170309,92,102
961,PHI,POR,20170309,108,114
962,LAL,PHO,20170309,122,110
963,ORL,CHO,20170310,81,121
964,TOR,ATL,20170310,99,105
965,HOU,CHI,20170310,115,94
966,IND,MIL,20170310,85,99
967,GSW,MIN,20170310,102,103
968,BRK,DAL,20170310,96,105
969,BOS,DEN,20170310,99,119
970,WAS,SAC,20170310,130,122
971,UTA,OKC,20170311,104,112
972,PHI,LAC,20170311,100,112
973,NYK,DET,20170311,92,112
974,NOP,CHO,20170311,125,122
975,CLE,ORL,20170311,116,104
976,TOR,MIA,20170311,89,104
977,MIN,MIL,20170311,95,102
978,GSW,SAS,20170311,85,107
979,PHO,DAL,20170311,100,98
980,ATL,MEM,20170311,107,90
981,WAS,POR,20170311,125,124
982,DEN,SAC,20170311,105,92
983,CHI,BOS,20170312,80,100
984,NYK,BRK,20170312,112,120
985,MIA,IND,20170312,98,102
986,CLE,HOU,20170312,112,117
987,POR,PHO,20170312,110,101
988,PHI,LAL,20170312,118,116
989,CHI,CHO,20170313,115,109
990,DAL,TOR,20170313,78,100
991,MIL,MEM,20170313,93,113
992,WAS,MIN,20170313,104,119
993,ATL,SAS,20170313,99,107
994,LAC,UTA,20170313,108,114
995,LAL,DEN,20170313,101,129
996,ORL,SAC,20170313,115,120
997,DET,CLE,20170314,96,128
998,OKC,BRK,20170314,122,104
999,IND,NYK,20170314,81,87
1000,POR,NOP,20170314,77,100
1001,PHI,GSW,20170314,104,106
1002,CHO,IND,20170315,77,98
1003,DAL,WAS,20170315,112,107
1004,MIN,BOS,20170315,104,117
1005,UTA,DET,20170315,97,83
1006,NOP,MIA,20170315,112,120
1007,MEM,CHI,20170315,98,91
1008,LAL,HOU,20170315,100,139
1009,POR,SAS,20170315,110,106
1010,SAC,PHO,20170315,107,101
1011,MIL,LAC,20170315,97,96
1012,UTA,CLE,20170316,83,91
1013,OKC,TOR,20170316,123,102
1014,MEM,ATL,20170316,103,91
1015,BRK,NYK,20170316,121,110
1016,LAC,DEN,20170316,114,129
1017,ORL,GSW,20170316,92,122
1018,DAL,PHI,20170317,74,116
1019,CHI,WAS,20170317,107,112
1020,BOS,BRK,20170317,98,95
1021,TOR,DET,20170317,87,75
1022,MIN,MIA,20170317,105,123
1023,HOU,NOP,20170317,112,128
1024,ORL,PHO,20170317,109,103
1025,MIL,LAL,20170317,107,103
1026,SAC,OKC,20170318,94,110
1027,POR,ATL,20170318,113,97
1028,WAS,CHO,20170318,93,98
1029,CLE,LAC,20170318,78,108
1030,UTA,CHI,20170318,86,95
1031,SAS,MEM,20170318,96,104
1032,HOU,DEN,20170318,109,105
1033,MIL,GSW,20170318,92,117
1034,DAL,BRK,20170319,111,104
1035,BOS,PHI,20170319,99,105
1036,PHO,DET,20170319,95,112
1037,POR,MIA,20170319,115,104
1038,MIN,NOP,20170319,109,123
1039,IND,TOR,20170319,91,116
1040,SAC,SAS,20170319,102,118
1041,CLE,LAL,20170319,125,120
1042,ATL,CHO,20170320,90,105
1043,UTA,IND,20170320,100,107
1044,PHI,ORL,20170320,109,112
1045,WAS,BOS,20170320,102,110
1046,DEN,HOU,20170320,124,125
1047,GSW,OKC,20170320,111,95
1048,NYK,LAC,20170320,105,114
1049,CHI,TOR,20170321,120,122
1050,DET,BRK,20170321,96,98
1051,PHO,MIA,20170321,97,112
1052,MEM,NOP,20170321,82,95
1053,GSW,DAL,20170321,112,87
1054,SAS,MIN,20170321,100,93
1055,MIL,POR,20170321,93,90
1056,LAC,LAL,20170321,133,109
1057,CHO,ORL,20170322,109,102
1058,IND,BOS,20170322,100,109
1059,DET,CHI,20170322,95,117
1060,PHI,OKC,20170322,97,122
1061,ATL,WAS,20170322,100,104
1062,CLE,DEN,20170322,113,126
1063,MIL,SAC,20170322,116,98
1064,NYK,UTA,20170322,101,108
1065,PHO,BRK,20170323,98,126
1066,TOR,MIA,20170323,101,84
1067,LAC,DAL,20170323,95,97
1068,MEM,SAS,20170323,90,97
1069,NYK,POR,20170323,95,110
1070,CLE,CHO,20170324,112,105
1071,DEN,IND,20170324,125,117
1072,DET,ORL,20170324,87,115
1073,BRK,WAS,20170324,108,129
1074,PHO,BOS,20170324,120,130
1075,PHI,CHI,20170324,117,107
1076,NOP,HOU,20170324,107,117
1077,ATL,MIL,20170324,97,100
1078,SAC,GSW,20170324,100,114
1079,MIN,LAL,20170324,119,130
1080,UTA,LAC,20170325,95,108
1081,WAS,CLE,20170325,127,115
1082,TOR,DAL,20170325,94,86
1083,NYK,SAS,20170325,98,106
1084,MIN,POR,20170325,100,112
1085,BRK,ATL,20170326,107,92
1086,PHO,CHO,20170326,106,120
1087,OKC,HOU,20170326,125,137
1088,SAC,LAC,20170326,98,97
1089,CHI,MIL,20170326,109,94
1090,MIA,BOS,20170326,108,112
1091,PHI,IND,20170326,94,107
1092,NOP,DEN,20170326,115,90
1093,MEM,GSW,20170326,94,106
1094,POR,LAL,20170326,97,81
1095,DET,NYK,20170327,95,109
1096,ORL,TOR,20170327,112,131
1097,CLE,SAS,20170327,74,103
1098,OKC,DAL,20170327,92,91
1099,MEM,SAC,20170327,90,91
1100,NOP,UTA,20170327,100,108
1101,MIL,CHO,20170328,118,108
1102,MIN,IND,20170328,115,114
1103,PHO,ATL,20170328,91,95
1104,PHI,BRK,20170328,106,101
1105,MIA,DET,20170328,97,96
1106,GSW,HOU,20170328,113,106
1107,DEN,POR,20170328,113,122
1108,WAS,LAL,20170328,119,108
1109,OKC,ORL,20170329,114,106
1110,ATL,PHI,20170329,99,92
1111,MIL,BOS,20170329,103,100
1112,MIA,NYK,20170329,105,88
1113,CHO,TOR,20170329,110,106
1114,IND,MEM,20170329,97,110
1115,DAL,NOP,20170329,118,121
1116,GSW,SAS,20170329,110,98
1117,WAS,LAC,20170329,124,133
1118,UTA,SAC,20170329,112,82
1119,BRK,DET,20170330,89,90
1120,CLE,CHI,20170330,93,99
1121,LAL,MIN,20170330,104,119
1122,LAC,PHO,20170330,124,118
1123,HOU,POR,20170330,107,117
1124,DEN,CHO,20170331,114,122
1125,IND,TOR,20170331,100,111
1126,ORL,BOS,20170331,116,117
1127,PHI,CLE,20170331,105,122
1128,DAL,MEM,20170331,90,99
1129,NYK,MIA,20170331,98,94
1130,DET,MIL,20170331,105,108
1131,SAC,NOP,20170331,89,117
1132,SAS,OKC,20170331,100,95
1133,WAS,UTA,20170331,88,95
1134,HOU,GSW,20170331,98,107
1135,LAL,LAC,20170401,104,115
1136,ATL,CHI,20170401,104,106
1137,ORL,BRK,20170401,111,121
1138,SAC,MIN,20170401,123,117
1139,PHO,POR,20170401,117,130
1140,BOS,NYK,20170402,110,94
1141,CHO,OKC,20170402,113,101
1142,MEM,LAL,20170402,103,108
1143,DAL,MIL,20170402,109,105
1144,UTA,SAS,20170402,103,109
1145,ATL,BRK,20170402,82,91
1146,IND,CLE,20170402,130,135
1147,DEN,MIA,20170402,116,113
1148,CHI,NOP,20170402,117,110
1149,PHI,TOR,20170402,105,113
1150,WAS,GSW,20170402,115,139
1151,HOU,PHO,20170402,123,116
1152,POR,MIN,20170403,109,110
1153,ORL,CLE,20170404,102,122
1154,TOR,IND,20170404,90,108
1155,BRK,PHI,20170404,141,118
1156,CHO,WAS,20170404,111,118
1157,DEN,NOP,20170404,134,131
1158,CHI,NYK,20170404,91,100
1159,MIL,OKC,20170404,79,110
1160,MEM,SAS,20170404,89,95
1161,POR,UTA,20170404,87,106
1162,MIN,GSW,20170404,107,121
1163,DAL,SAC,20170404,87,98
1164,MIA,CHO,20170405,112,99
1165,TOR,DET,20170405,105,102
1166,CLE,BOS,20170405,114,91
1167,DEN,HOU,20170405,104,110
1168,OKC,MEM,20170405,103,100
1169,LAL,SAS,20170405,102,95
1170,GSW,PHO,20170405,120,111
1171,DAL,LAC,20170405,101,112
1172,MIL,IND,20170406,89,104
1173,BRK,ORL,20170406,107,115
1174,CHI,PHI,20170406,102,90
1175,WAS,NYK,20170406,106,103
1176,BOS,ATL,20170406,116,123
1177,MIN,POR,20170406,98,105
1178,ATL,CLE,20170407,114,100
1179,MIA,TOR,20170407,94,96
1180,DET,HOU,20170407,114,109
1181,NYK,MEM,20170407,88,101
1182,SAS,DAL,20170407,102,89
1183,NOP,DEN,20170407,106,122
1184,MIN,UTA,20170407,113,120
1185,OKC,PHO,20170407,99,120
1186,SAC,LAL,20170407,94,98
1187,CHI,BRK,20170408,106,107
1188,BOS,CHO,20170408,121,114
1189,IND,ORL,20170408,127,112
1190,MIL,PHI,20170408,90,82
1191,MIA,WAS,20170408,106,103
1192,LAC,SAS,20170408,98,87
1193,UTA,POR,20170408,86,101
1194,NOP,GSW,20170408,101,123
1195,TOR,NYK,20170409,110,97
1196,CLE,ATL,20170409,125,126
1197,OKC,DEN,20170409,106,105
1198,DET,MEM,20170409,103,90
1199,DAL,PHO,20170409,111,124
1200,HOU,SAC,20170409,135,128
1201,MIN,LAL,20170409,109,110
1202,IND,PHI,20170410,120,111
1203,BRK,BOS,20170410,105,114
1204,CLE,MIA,20170410,121,124
1205,ORL,CHI,20170410,75,122
1206,WAS,DET,20170410,105,101
1207,CHO,MIL,20170410,79,89
1208,SAS,POR,20170410,98,99
1209,UTA,GSW,20170410,105,99
1210,HOU,LAC,20170410,96,125
1211,CHO,ATL,20170411,76,103
1212,OKC,MIN,20170411,100,98
1213,DEN,DAL,20170411,109,91
1214,NOP,LAL,20170411,96,108
1215,PHO,SAC,20170411,104,129
1216,MIL,BOS,20170412,94,112
1217,BRK,CHI,20170412,73,112
1218,TOR,CLE,20170412,98,83
1219,MIN,HOU,20170412,118,123
1220,ATL,IND,20170412,86,104
1221,DAL,MEM,20170412,100,93
1222,WAS,MIA,20170412,102,110
1223,PHI,NYK,20170412,113,114
1224,DEN,OKC,20170412,111,105
1225,DET,ORL,20170412,109,113
1226,SAS,UTA,20170412,97,101
1227,LAL,GSW,20170412,94,109
1228,SAC,LAC,20170412,95,115
1229,NOP,POR,20170412,103,100
1230,IND,CLE,20170415,108,109
1231,MIL,TOR,20170415,97,83
1232,MEM,SAS,20170415,82,111
1233,UTA,LAC,20170415,97,95
1234,ATL,WAS,20170416,107,114
1235,POR,GSW,20170416,109,121
1236,CHI,BOS,20170416,106,102
1237,OKC,HOU,20170416,87,118
1238,IND,CLE,20170417,111,117
1239,MEM,SAS,20170417,82,96
1240,MIL,TOR,20170418,100,106
1241,CHI,BOS,20170418,111,97
1242,UTA,LAC,20170418,91,99
1243,ATL,WAS,20170419,101,109
1244,OKC,HOU,20170419,111,115
1245,POR,GSW,20170419,81,110
1246,CLE,IND,20170420,119,114
1247,TOR,MIL,20170420,77,104
1248,SAS,MEM,20170420,94,105
1249,BOS,CHI,20170421,104,87
1250,HOU,OKC,20170421,113,115
1251,LAC,UTA,20170421,111,106
1252,TOR,MIL,20170422,87,76
1253,WAS,ATL,20170422,98,116
1254,SAS,MEM,20170422,108,110
1255,GSW,POR,20170422,119,113
1256,CLE,IND,20170423,106,102
1257,HOU,OKC,20170423,113,109
1258,BOS,CHI,20170423,104,95
1259,LAC,UTA,20170423,98,105
1260,MIL,TOR,20170424,93,118
1261,WAS,ATL,20170424,101,111
1262,GSW,POR,20170424,128,103
1263,OKC,HOU,20170425,99,105
1264,MEM,SAS,20170425,103,116
1265,UTA,LAC,20170425,96,92
1266,ATL,WAS,20170426,99,103
1267,CHI,BOS,20170426,97,108
1268,TOR,MIL,20170427,92,89
1269,SAS,MEM,20170427,103,96
1270,WAS,ATL,20170428,115,99
1271,BOS,CHI,20170428,105,83
1272,LAC,UTA,20170428,98,93
1273,WAS,BOS,20170430,111,123
1274,UTA,LAC,20170430,104,91
1275,TOR,CLE,20170501,105,116
1276,HOU,SAS,20170501,126,99
1277,WAS,BOS,20170502,119,129
1278,UTA,GSW,20170502,94,106
1279,TOR,CLE,20170503,103,125
1280,HOU,SAS,20170503,96,121
1281,BOS,WAS,20170504,89,116
1282,UTA,GSW,20170504,104,115
1283,CLE,TOR,20170505,115,94
1284,SAS,HOU,20170505,103,92
1285,GSW,UTA,20170506,102,91
1286,CLE,TOR,20170507,109,102
1287,BOS,WAS,20170507,102,121
1288,SAS,HOU,20170507,104,125
1289,GSW,UTA,20170508,121,95
1290,HOU,SAS,20170509,107,110
1291,WAS,BOS,20170510,101,123
1292,SAS,HOU,20170511,114,75
1293,BOS,WAS,20170512,91,92
1294,SAS,GSW,20170514,111,113
1295,WAS,BOS,20170515,105,115
1296,SAS,GSW,20170516,100,136
1297,CLE,BOS,20170517,117,104
1298,CLE,BOS,20170519,130,86
1299,GSW,SAS,20170520,120,108
1300,BOS,CLE,20170521,111,108
1301,GSW,SAS,20170522,129,115
1302,BOS,CLE,20170523,99,112
1303,CLE,BOS,20170525,135,102
1304,CLE,GSW,20170601,91,113
1305,CLE,GSW,20170604,113,132
1306,GSW,CLE,20170607,118,113
1307,GSW,CLE,20170609,116,137
1308,CLE,GSW,20170612,120,129
1309,BOS,CLE,20171017,99,102
1310,HOU,GSW,20171017,122,121
1311,CHO,DET,20171018,90,102
1312,BRK,IND,20171018,131,140
1313,MIA,ORL,20171018,109,116
1314,PHI,WAS,20171018,115,120
1315,MIL,BOS,20171018,108,100
1316,NOP,MEM,20171018,91,103
1317,ATL,DAL,20171018,117,111
1318,DEN,UTA,20171018,96,106
1319,MIN,SAS,20171018,99,107
1320,POR,PHO,20171018,124,76
1321,HOU,SAC,20171018,105,100
1322,CHI,TOR,20171019,100,117
1323,NYK,OKC,20171019,84,105
1324,LAC,LAL,20171019,108,92
1325,ATL,CHO,20171020,91,109
1326,POR,IND,20171020,114,96
1327,CLE,MIL,20171020,116,97
1328,BOS,PHI,20171020,102,92
1329,DET,WAS,20171020,111,115
1330,ORL,BRK,20171020,121,126
1331,UTA,MIN,20171020,97,100
1332,SAC,DAL,20171020,93,88
1333,GSW,NOP,20171020,128,120
1334,LAL,PHO,20171020,132,130
1335,PHI,TOR,20171021,94,128
1336,SAS,CHI,20171021,87,77
1337,ORL,CLE,20171021,114,93
1338,DAL,HOU,20171021,91,107
1339,GSW,MEM,20171021,101,111
1340,IND,MIA,20171021,108,112
1341,DET,NYK,20171021,111,107
1342,POR,MIL,20171021,110,113
1343,SAC,DEN,20171021,79,96
1344,OKC,UTA,20171021,87,96
1345,PHO,LAC,20171021,88,130
1346,ATL,BRK,20171022,104,116
1347,MIN,OKC,20171022,115,113
1348,NOP,LAL,20171022,119,112
1349,PHI,DET,20171023,97,86
1350,ATL,MIA,20171023,93,104
1351,MEM,HOU,20171023,98,90
1352,CHO,MIL,20171023,94,103
1353,GSW,DAL,20171023,133,103
1354,TOR,SAS,20171023,97,101
1355,WAS,DEN,20171023,109,104
1356,SAC,PHO,20171023,115,117
1357,CHI,CLE,20171024,112,119
1358,BRK,ORL,20171024,121,125
1359,NYK,BOS,20171024,89,110
1360,IND,MIN,20171024,130,107
1361,NOP,POR,20171024,93,103
1362,UTA,LAC,20171024,84,102
1363,DEN,CHO,20171025,93,110
1364,MIN,DET,20171025,101,122
1365,HOU,PHI,20171025,105,104
1366,CLE,BRK,20171025,107,112
1367,SAS,MIA,20171025,117,100
1368,IND,OKC,20171025,96,114
1369,MEM,DAL,20171025,94,103
1370,UTA,PHO,20171025,88,97
1371,TOR,GSW,20171025,112,117
1372,WAS,LAL,20171025,99,102
1373,ATL,CHI,20171026,86,91
1374,DAL,MEM,20171026,91,96
1375,BOS,MIL,20171026,96,89
1376,LAC,POR,20171026,104,103
1377,NOP,SAC,20171026,114,106
1378,HOU,CHO,20171027,109,93
1379,SAS,ORL,20171027,87,114
1380,DEN,ATL,20171027,105,100
1381,BRK,NYK,20171027,86,107
1382,OKC,MIN,20171027,116,119
1383,WAS,GSW,20171027,117,120
1384,TOR,LAL,20171027,101,92
1385,CLE,NOP,20171028,101,123
1386,OKC,CHI,20171028,101,69
1387,HOU,MEM,20171028,89,103
1388,BOS,MIA,20171028,96,90
1389,PHI,DAL,20171028,112,110
1390,LAL,UTA,20171028,81,96
1391,PHO,POR,20171028,107,114
1392,DET,LAC,20171028,95,87
1393,MIL,ATL,20171029,117,106
1394,SAS,IND,20171029,94,97
1395,DEN,BRK,20171029,124,111
1396,ORL,CHO,20171029,113,120
1397,WAS,SAC,20171029,110,83
1398,NYK,CLE,20171029,114,95
1399,DET,GSW,20171029,115,107
1400,SAS,BOS,20171030,94,108
1401,MIN,MIA,20171030,125,122
1402,DEN,NYK,20171030,110,116
1403,PHI,HOU,20171030,115,107
1404,CHO,MEM,20171030,104,99
1405,ORL,NOP,20171030,115,99
1406,DAL,UTA,20171030,89,104
1407,TOR,POR,20171030,99,85
1408,GSW,LAC,20171030,141,113
1409,SAC,IND,20171031,83,101
1410,PHO,BRK,20171031,122,114
1411,OKC,MIL,20171031,110,91
1412,DET,LAL,20171031,93,113
1413,MIL,CHO,20171101,121,126
1414,IND,CLE,20171101,124,107
1415,ATL,PHI,20171101,109,119
1416,PHO,WAS,20171101,122,116
1417,SAC,BOS,20171101,86,113
1418,CHI,MIA,20171101,91,97
1419,ORL,MEM,20171101,101,99
1420,MIN,NOP,20171101,104,98
1421,HOU,NYK,20171101,119,97
1422,TOR,DEN,20171101,111,129
1423,POR,UTA,20171101,103,112
1424,DAL,LAC,20171101,98,119
1425,GSW,SAS,20171102,112,92
1426,LAL,POR,20171102,110,113
1427,MIL,DET,20171103,96,105
1428,CHI,ORL,20171103,105,83
1429,IND,PHI,20171103,110,121
1430,CLE,WAS,20171103,130,122
1431,HOU,ATL,20171103,119,104
1432,PHO,NYK,20171103,107,120
1433,NOP,DAL,20171103,99,94
1434,CHO,SAS,20171103,101,108
1435,MIA,DEN,20171103,94,95
1436,TOR,UTA,20171103,109,100
1437,BOS,OKC,20171103,101,94
1438,BRK,LAL,20171103,112,124
1439,MEM,LAC,20171104,113,104
1440,SAC,DET,20171104,99,108
1441,NOP,CHI,20171104,96,90
1442,DAL,MIN,20171104,99,112
1443,GSW,DEN,20171104,127,108
1444,ATL,CLE,20171105,117,115
1445,MIA,LAC,20171105,104,101
1446,BOS,ORL,20171105,104,88
1447,WAS,TOR,20171105,107,96
1448,UTA,HOU,20171105,110,137
1449,PHO,SAS,20171105,95,112
1450,IND,NYK,20171105,101,108
1451,CHO,MIN,20171105,94,112
1452,OKC,POR,20171105,99,103
1453,MEM,LAL,20171105,102,107
1454,BOS,ATL,20171106,110,107
1455,BRK,PHO,20171106,98,92
1456,MIA,GSW,20171106,80,97
1457,MIL,CLE,20171107,119,124
1458,NOP,IND,20171107,117,112
1459,DAL,WAS,20171107,113,99
1460,CHO,NYK,20171107,113,118
1461,CHI,TOR,20171107,114,119
1462,LAC,SAS,20171107,107,120
1463,BRK,DEN,20171107,104,112
1464,PHI,UTA,20171107,104,97
1465,MEM,POR,20171107,98,97
1466,OKC,SAC,20171107,86,94
1467,IND,DET,20171108,97,114
1468,NYK,ORL,20171108,99,112
1469,LAL,BOS,20171108,96,107
1470,MIA,PHO,20171108,126,115
1471,MIN,GSW,20171108,101,125
1472,LAL,WAS,20171109,95,111
1473,NOP,TOR,20171109,118,122
1474,CLE,HOU,20171109,113,117
1475,PHI,SAC,20171109,108,109
1476,OKC,DEN,20171109,94,102
1477,ATL,DET,20171110,104,111
1478,CHO,BOS,20171110,87,90
1479,IND,CHI,20171110,105,87
1480,LAC,OKC,20171110,111,120
1481,ORL,PHO,20171110,128,112
1482,MIL,SAS,20171110,94,87
1483,MIA,UTA,20171110,84,74
1484,BRK,POR,20171110,101,97
1485,LAC,NOP,20171111,103,111
1486,ATL,WAS,20171111,94,113
1487,MEM,HOU,20171111,96,111
1488,SAC,NYK,20171111,91,118
1489,CLE,DAL,20171111,111,104
1490,PHI,GSW,20171111,114,135
1491,LAL,MIL,20171111,90,98
1492,CHI,SAS,20171111,94,133
1493,ORL,DEN,20171111,107,125
1494,MIN,PHO,20171111,110,118
1495,BRK,UTA,20171111,106,114
1496,TOR,BOS,20171112,94,95
1497,MIA,DET,20171112,103,112
1498,HOU,IND,20171112,118,95
1499,DAL,OKC,20171112,99,112
1500,SAC,WAS,20171113,92,110
1501,CLE,NYK,20171113,104,101
1502,MEM,MIL,20171113,103,110
1503,ATL,NOP,20171113,105,106
1504,LAL,PHO,20171113,100,93
1505,MIN,UTA,20171113,109,98
1506,DEN,POR,20171113,82,99
1507,ORL,GSW,20171113,100,110
1508,PHI,LAC,20171113,109,105
1509,BOS,BRK,20171114,109,102
1510,TOR,HOU,20171114,129,113
1511,SAS,DAL,20171114,97,91
1512,SAC,ATL,20171115,80,126
1513,WAS,MIA,20171115,102,93
1514,UTA,NYK,20171115,101,106
1515,CLE,CHO,20171115,115,107
1516,IND,MEM,20171115,116,113
1517,DET,MIL,20171115,95,99
1518,SAS,MIN,20171115,86,98
1519,TOR,NOP,20171115,125,116
1520,CHI,OKC,20171115,79,92
1521,ORL,POR,20171115,94,99
1522,PHI,LAL,20171115,115,109
1523,GSW,BOS,20171116,88,92
1524,HOU,PHO,20171116,142,116
1525,DET,IND,20171117,100,107
1526,MIA,WAS,20171117,91,88
1527,UTA,BRK,20171117,107,118
1528,LAC,CLE,20171117,113,118
1529,NYK,TOR,20171117,84,107
1530,CHO,CHI,20171117,120,123
1531,OKC,SAS,20171117,101,104
1532,MIN,DAL,20171117,111,87
1533,POR,SAC,20171117,82,86
1534,NOP,DEN,20171117,114,146
1535,PHO,LAL,20171117,122,113
1536,LAC,CHO,20171118,87,102
1537,UTA,ORL,20171118,125,85
1538,BOS,ATL,20171118,110,99
1539,GSW,PHI,20171118,124,116
1540,HOU,MEM,20171118,105,83
1541,MIL,DAL,20171118,79,111
1542,SAC,POR,20171118,90,102
1543,WAS,TOR,20171119,91,100
1544,IND,MIA,20171119,120,95
1545,GSW,BRK,20171119,118,111
1546,DET,MIN,20171119,100,97
1547,CHI,PHO,20171119,105,113
1548,DEN,LAL,20171119,109,127
1549,MIN,CHO,20171120,102,118
1550,CLE,DET,20171120,116,88
1551,IND,ORL,20171120,105,97
1552,UTA,PHI,20171120,86,107
1553,LAC,NYK,20171120,85,107
1554,POR,MEM,20171120,100,92
1555,WAS,MIL,20171120,99,88
1556,OKC,NOP,20171120,107,114
1557,BOS,DAL,20171120,110,102
1558,ATL,SAS,20171120,85,96
1559,DEN,SAC,20171120,114,98
1560,CHI,LAL,20171121,94,103
1561,WAS,CHO,20171122,124,129
1562,BRK,CLE,20171122,109,119
1563,POR,PHI,20171122,81,101
1564,LAC,ATL,20171122,116,103
1565,BOS,MIA,20171122,98,104
1566,TOR,NYK,20171122,100,108
1567,DEN,HOU,20171122,95,125
1568,DAL,MEM,20171122,95,94
1569,ORL,MIN,20171122,118,124
1570,SAS,NOP,20171122,90,107
1571,GSW,OKC,20171122,91,108
1572,MIL,PHO,20171122,113,107
1573,CHI,UTA,20171122,80,110
1574,LAL,SAC,20171122,102,113
1575,POR,BRK,20171124,127,125
1576,NYK,ATL,20171124,104,116
1577,ORL,BOS,20171124,103,118
1578,CHO,CLE,20171124,99,100
1579,TOR,IND,20171124,104,107
1580,MIA,MIN,20171124,109,97
1581,DET,OKC,20171124,99,98
1582,MEM,DEN,20171124,92,104
1583,NOP,PHO,20171124,115,91
1584,CHI,GSW,20171124,94,143
1585,SAS,CHO,20171125,106,86
1586,ORL,PHI,20171125,111,130
1587,POR,WAS,20171125,108,105
1588,TOR,ATL,20171125,112,78
1589,NYK,HOU,20171125,102,117
1590,BOS,IND,20171125,108,98
1591,OKC,DAL,20171125,81,97
1592,NOP,GSW,20171125,95,110
1593,MIL,UTA,20171125,108,121
1594,LAC,SAC,20171125,97,95
1595,MIA,CHI,20171126,100,93
1596,PHO,MIN,20171126,108,119
1597,BRK,MEM,20171126,98,88
1598,ORL,IND,20171127,109,121
1599,CLE,PHI,20171127,113,91
1600,DET,BOS,20171127,118,108
1601,POR,NYK,20171127,103,91
1602,BRK,HOU,20171127,103,117
1603,DAL,SAS,20171127,108,115
1604,SAC,GSW,20171127,110,106
1605,LAL,LAC,20171127,115,120
1606,MIA,CLE,20171128,97,108
1607,PHO,CHI,20171128,104,99
1608,WAS,MIN,20171128,92,89
1609,MIL,SAC,20171128,112,87
1610,DEN,UTA,20171128,77,106
1611,PHO,DET,20171129,107,131
1612,OKC,ORL,20171129,108,121
1613,WAS,PHI,20171129,113,118
1614,MIA,NYK,20171129,86,115
1615,CHO,TOR,20171129,113,126
1616,IND,HOU,20171129,97,118
1617,MIN,NOP,20171129,120,102
1618,BRK,DAL,20171129,109,104
1619,MEM,SAS,20171129,95,104
1620,GSW,LAL,20171129,127,123
1621,CLE,ATL,20171130,121,114
1622,PHI,BOS,20171130,97,108
1623,CHI,DEN,20171130,110,111
1624,MIL,POR,20171130,103,91
1625,UTA,LAC,20171130,126,107
1626,GSW,ORL,20171201,133,112
1627,DET,WAS,20171201,91,109
1628,IND,TOR,20171201,115,120
1629,SAC,CHI,20171201,107,106
1630,SAS,MEM,20171201,95,79
1631,CHO,MIA,20171201,100,105
1632,MIN,OKC,20171201,107,111
1633,NOP,UTA,20171201,108,114
1634,PHO,BOS,20171202,111,116
1635,LAC,DAL,20171202,82,108
1636,ATL,BRK,20171202,114,102
1637,MEM,CLE,20171202,111,116
1638,DET,PHI,20171202,103,108
1639,SAC,MIL,20171202,104,109
1640,LAL,DEN,20171202,100,115
1641,NOP,POR,20171202,123,116
1642,ORL,NYK,20171203,105,100
1643,GSW,MIA,20171203,123,95
1644,LAC,MIN,20171203,106,112
1645,SAS,OKC,20171203,87,90
1646,HOU,LAL,20171203,118,95
1647,ORL,CHO,20171204,94,104
1648,NYK,IND,20171204,97,115
1649,PHO,PHI,20171204,115,101
1650,BRK,ATL,20171204,110,90
1651,MIL,BOS,20171204,100,111
1652,CLE,CHI,20171204,113,91
1653,MIN,MEM,20171204,92,95
1654,GSW,NOP,20171204,125,115
1655,DEN,DAL,20171204,105,122
1656,DET,SAS,20171204,93,96
1657,WAS,UTA,20171204,69,116
1658,PHO,TOR,20171205,113,126
1659,UTA,OKC,20171205,94,100
1660,WAS,POR,20171205,106,92
1661,SAC,CLE,20171206,95,101
1662,CHI,IND,20171206,96,98
1663,ATL,ORL,20171206,106,110
1664,DAL,BOS,20171206,90,97
1665,MEM,NYK,20171206,88,99
1666,GSW,CHO,20171206,101,87
1667,DET,MIL,20171206,100,104
1668,DEN,NOP,20171206,114,123
1669,MIA,SAS,20171206,105,117
1670,MIN,LAC,20171206,113,107
1671,LAL,PHI,20171207,107,104
1672,WAS,PHO,20171207,109,99
1673,OKC,BRK,20171207,95,100
1674,HOU,UTA,20171207,112,101
1675,CHI,CHO,20171208,119,111
1676,GSW,DET,20171208,102,98
1677,CLE,IND,20171208,102,106
1678,DEN,ORL,20171208,103,89
1679,TOR,MEM,20171208,116,107
1680,DAL,MIL,20171208,102,109
1681,SAC,NOP,20171208,116,109
1682,BOS,SAS,20171208,102,105
1683,WAS,LAC,20171209,112,113
1684,MIA,BRK,20171209,101,89
1685,LAL,CHO,20171209,110,99
1686,ORL,ATL,20171209,110,117
1687,NYK,CHI,20171209,102,104
1688,PHI,CLE,20171209,98,105
1689,UTA,MIL,20171209,100,117
1690,OKC,MEM,20171209,102,101
1691,SAS,PHO,20171209,104,101
1692,HOU,POR,20171209,124,117
1693,TOR,SAC,20171210,102,87
1694,BOS,DET,20171210,91,81
1695,DEN,IND,20171210,116,126
1696,DAL,MIN,20171210,92,97
1697,PHI,NOP,20171210,124,131
1698,ATL,NYK,20171210,107,111
1699,BOS,CHI,20171211,85,108
1700,NOP,HOU,20171211,123,130
1701,MIA,MEM,20171211,107,82
1702,CHO,OKC,20171211,116,103
1703,POR,GSW,20171211,104,111
1704,TOR,LAC,20171211,91,96
1705,ATL,CLE,20171212,114,123
1706,DEN,DET,20171212,103,84
1707,LAL,NYK,20171212,109,113
1708,WAS,BRK,20171212,98,103
1709,SAS,DAL,20171212,89,95
1710,PHI,MIN,20171212,118,112
1711,PHO,SAC,20171212,92,99
1712,OKC,IND,20171213,100,95
1713,LAC,ORL,20171213,106,95
1714,MEM,WAS,20171213,87,93
1715,DEN,BOS,20171213,118,124
1716,POR,MIA,20171213,102,95
1717,UTA,CHI,20171213,100,103
1718,MIL,NOP,20171213,108,115
1719,TOR,PHO,20171213,115,109
1720,CHO,HOU,20171213,96,108
1721,DET,ATL,20171214,105,91
1722,NYK,BRK,20171214,111,104
1723,LAL,CLE,20171214,112,121
1724,SAC,MIN,20171214,96,119
1725,DAL,GSW,20171214,97,112
1726,MIA,CHO,20171215,104,98
1727,DET,IND,20171215,104,98
1728,POR,ORL,20171215,95,88
1729,OKC,PHI,20171215,119,117
1730,LAC,WAS,20171215,91,100
1731,UTA,BOS,20171215,107,95
1732,BRK,TOR,20171215,87,120
1733,ATL,MEM,20171215,94,96
1734,CHI,MIL,20171215,115,109
1735,NOP,DEN,20171215,111,117
1736,SAS,HOU,20171215,109,124
1737,POR,CHO,20171216,93,91
1738,UTA,CLE,20171216,100,109
1739,OKC,NYK,20171216,96,111
1740,MIL,HOU,20171216,111,115
1741,LAC,MIA,20171216,85,90
1742,PHO,MIN,20171216,108,106
1743,DAL,SAS,20171216,96,98
1744,BOS,MEM,20171216,102,93
1745,SAC,TOR,20171217,93,108
1746,ORL,DET,20171217,110,114
1747,IND,BRK,20171217,109,97
1748,CLE,WAS,20171217,106,99
1749,NYK,CHO,20171218,91,109
1750,BOS,IND,20171218,112,111
1751,MIA,ATL,20171218,104,110
1752,PHI,CHI,20171218,115,117
1753,UTA,HOU,20171218,99,120
1754,POR,MIN,20171218,107,108
1755,DEN,OKC,20171218,94,95
1756,PHO,DAL,20171218,97,91
1757,LAC,SAS,20171218,91,109
1758,GSW,LAL,20171218,116,114
1759,SAC,PHI,20171219,101,95
1760,NOP,WAS,20171219,106,116
1761,CLE,MIL,20171219,116,119
1762,TOR,CHO,20171220,129,111
1763,IND,ATL,20171220,105,95
1764,MIA,BOS,20171220,90,89
1765,SAC,BRK,20171220,104,99
1766,ORL,CHI,20171220,94,112
1767,LAL,HOU,20171220,122,116
1768,UTA,OKC,20171220,79,107
1769,DET,DAL,20171220,93,110
1770,MIN,DEN,20171220,112,104
1771,SAS,POR,20171220,93,91
1772,MEM,GSW,20171220,84,97
1773,PHO,LAC,20171220,95,108
1774,CHI,CLE,20171221,112,115
1775,TOR,PHI,20171221,114,109
1776,BOS,NYK,20171221,93,102
1777,MEM,PHO,20171221,95,97
1778,SAS,UTA,20171221,89,100
1779,NYK,DET,20171222,101,104
1780,NOP,ORL,20171222,111,97
1781,WAS,BRK,20171222,84,119
1782,LAC,HOU,20171222,128,118
1783,DAL,MIA,20171222,101,113
1784,CHO,MIL,20171222,104,109
1785,ATL,OKC,20171222,117,120
1786,DEN,POR,20171222,102,85
1787,LAL,GSW,20171222,106,113
1788,PHI,TOR,20171223,86,102
1789,MIL,CHO,20171223,106,111
1790,BRK,IND,20171223,119,123
1791,ORL,WAS,20171223,103,130
1792,DAL,ATL,20171223,107,112
1793,CHI,BOS,20171223,92,117
1794,LAC,MEM,20171223,112,115
1795,NOP,MIA,20171223,109,94
1796,OKC,UTA,20171223,103,89
1797,DEN,GSW,20171223,96,81
1798,MIN,PHO,20171223,115,106
1799,POR,LAL,20171223,95,92
1800,SAS,SAC,20171223,108,99
1801,PHI,NYK,20171225,105,98
1802,CLE,GSW,20171225,92,99
1803,WAS,BOS,20171225,111,103
1804,HOU,OKC,20171225,107,112
1805,MIN,LAL,20171225,121,104
1806,TOR,DAL,20171226,93,98
1807,IND,DET,20171226,83,107
1808,ORL,MIA,20171226,89,107
1809,CHI,MIL,20171226,115,106
1810,BRK,SAS,20171226,97,109
1811,UTA,DEN,20171226,83,107
1812,MEM,PHO,20171226,97,99
1813,SAC,LAC,20171226,95,122
1814,BOS,CHO,20171227,102,91
1815,DAL,IND,20171227,98,94
1816,WAS,ATL,20171227,99,113
1817,NYK,CHI,20171227,87,92
1818,DEN,MIN,20171227,125,128
1819,BRK,NOP,20171227,113,128
1820,TOR,OKC,20171227,107,124
1821,CLE,SAC,20171227,95,109
1822,UTA,GSW,20171227,101,126
1823,MEM,LAL,20171227,109,99
1824,DET,ORL,20171228,89,102
1825,HOU,BOS,20171228,98,99
1826,MIN,MIL,20171228,96,102
1827,NYK,SAS,20171228,107,119
1828,PHI,POR,20171228,110,114
1829,HOU,WAS,20171229,103,121
1830,ATL,TOR,20171229,98,111
1831,IND,CHI,20171229,107,119
1832,BRK,MIA,20171229,111,87
1833,DAL,NOP,20171229,128,120
1834,MIL,OKC,20171229,97,95
1835,PHO,SAC,20171229,111,101
1836,CHO,GSW,20171229,111,100
1837,LAC,LAL,20171229,121,106
1838,SAS,DET,20171230,79,93
1839,NYK,NOP,20171230,105,103
1840,MIA,ORL,20171230,117,111
1841,POR,ATL,20171230,89,104
1842,CLE,UTA,20171230,101,104
1843,MEM,GSW,20171230,128,141
1844,PHI,DEN,20171230,107,102
1845,CHI,WAS,20171231,110,114
1846,MIN,IND,20171231,107,90
1847,BRK,BOS,20171231,105,108
1848,LAL,HOU,20171231,142,148
1849,CHO,LAC,20171231,98,106
1850,DAL,OKC,20171231,116,113
1851,MEM,SAC,20171231,114,96
1852,PHI,PHO,20171231,123,110
1853,ORL,BRK,20180101,95,98
1854,MIL,TOR,20180101,127,131
1855,POR,CHI,20180101,124,120
1856,LAL,MIN,20180101,96,114
1857,POR,CLE,20180102,110,127
1858,SAS,NYK,20180102,100,91
1859,ATL,PHO,20180102,103,104
1860,CHO,SAC,20180102,131,111
1861,MEM,LAC,20180102,105,113
1862,HOU,ORL,20180103,116,98
1863,SAS,PHI,20180103,106,112
1864,NYK,WAS,20180103,103,121
1865,MIN,BRK,20180103,97,98
1866,DET,MIA,20180103,104,111
1867,CLE,BOS,20180103,88,102
1868,TOR,CHI,20180103,124,115
1869,IND,MIL,20180103,101,122
1870,GSW,DAL,20180103,125,122
1871,PHO,DEN,20180103,111,134
1872,NOP,UTA,20180103,108,98
1873,OKC,LAL,20180103,133,96
1874,GSW,HOU,20180104,124,114
1875,OKC,LAC,20180104,127,117
1876,MIN,BOS,20180105,84,91
1877,DET,PHI,20180105,78,114
1878,NYK,MIA,20180105,103,107
1879,TOR,MIL,20180105,129,110
1880,CHI,DAL,20180105,127,124
1881,PHO,SAS,20180105,89,103
1882,UTA,DEN,20180105,91,99
1883,WAS,MEM,20180105,102,100
1884,ATL,POR,20180105,89,110
1885,CHO,LAL,20180105,108,94
1886,GSW,LAC,20180106,121,105
1887,BOS,BRK,20180106,87,85
1888,HOU,DET,20180106,101,108
1889,CHI,IND,20180106,86,125
1890,CLE,ORL,20180106,131,127
1891,MIL,WAS,20180106,110,103
1892,NOP,MIN,20180106,98,116
1893,DEN,SAC,20180106,98,106
1894,UTA,MIA,20180107,102,103
1895,NYK,DAL,20180107,100,96
1896,OKC,PHO,20180107,100,114
1897,SAS,POR,20180107,110,111
1898,ATL,LAL,20180107,113,132
1899,MIL,IND,20180108,96,109
1900,TOR,BRK,20180108,114,113
1901,HOU,CHI,20180108,116,107
1902,CLE,MIN,20180108,99,127
1903,DET,NOP,20180108,109,112
1904,SAS,SAC,20180108,107,100
1905,DEN,GSW,20180108,114,124
1906,ATL,LAC,20180108,107,108
1907,MIA,TOR,20180109,90,89
1908,POR,OKC,20180109,117,106
1909,ORL,DAL,20180109,99,114
1910,SAC,LAL,20180109,86,99
1911,DAL,CHO,20180110,115,111
1912,MIA,IND,20180110,114,106
1913,UTA,WAS,20180110,107,104
1914,DET,BRK,20180110,114,80
1915,CHI,NYK,20180110,122,119
1916,POR,HOU,20180110,112,121
1917,NOP,MEM,20180110,102,105
1918,ORL,MIL,20180110,103,110
1919,OKC,MIN,20180110,88,104
1920,ATL,DEN,20180110,110,97
1921,LAC,GSW,20180110,125,106
1922,BOS,PHI,20180111,114,103
1923,CLE,TOR,20180111,99,133
1924,LAC,SAC,20180111,121,115
1925,SAS,LAL,20180111,81,93
1926,UTA,CHO,20180112,88,99
1927,CLE,IND,20180112,95,97
1928,ORL,WAS,20180112,119,125
1929,BRK,ATL,20180112,110,105
1930,GSW,MIL,20180112,108,94
1931,NYK,MIN,20180112,108,118
1932,POR,NOP,20180112,113,119
1933,MEM,DEN,20180112,78,87
1934,HOU,PHO,20180112,112,95
1935,LAL,DAL,20180113,107,101
1936,SAC,LAC,20180113,105,126
1937,OKC,CHO,20180113,101,91
1938,BRK,WAS,20180113,113,119
1939,GSW,TOR,20180113,127,125
1940,DET,CHI,20180113,105,107
1941,DEN,SAS,20180113,80,112
1942,MIL,MIA,20180114,79,97
1943,NOP,NYK,20180114,123,118
1944,IND,PHO,20180114,120,97
1945,POR,MIN,20180114,103,120
1946,CHO,DET,20180115,118,107
1947,TOR,PHI,20180115,111,117
1948,MIL,WAS,20180115,104,95
1949,SAS,ATL,20180115,99,102
1950,NYK,BRK,20180115,119,104
1951,MIA,CHI,20180115,111,119
1952,LAL,MEM,20180115,114,123
1953,GSW,CLE,20180115,118,108
1954,SAC,OKC,20180115,88,95
1955,IND,UTA,20180115,109,94
1956,HOU,LAC,20180115,102,113
1957,MIN,ORL,20180116,102,108
1958,NOP,BOS,20180116,116,113
1959,DAL,DEN,20180116,102,105
1960,PHO,POR,20180116,111,118
1961,WAS,CHO,20180117,109,133
1962,NOP,ATL,20180117,93,94
1963,SAS,BRK,20180117,100,95
1964,DET,TOR,20180117,91,96
1965,GSW,CHI,20180117,119,112
1966,NYK,MEM,20180117,99,105
1967,MIA,MIL,20180117,106,101
1968,LAL,OKC,20180117,90,114
1969,UTA,SAC,20180117,120,105
1970,DEN,LAC,20180117,104,109
1971,PHI,BOS,20180118,89,80
1972,ORL,CLE,20180118,103,104
1973,MIN,HOU,20180118,98,116
1974,IND,POR,20180118,86,100
1975,SAS,TOR,20180119,83,86
1976,MIA,BRK,20180119,95,101
1977,WAS,DET,20180119,122,112
1978,SAC,MEM,20180119,88,106
1979,PHO,DEN,20180119,108,100
1980,IND,LAL,20180119,86,99
1981,NYK,UTA,20180119,117,115
1982,OKC,CLE,20180120,148,124
1983,CHI,ATL,20180120,113,97
1984,MIA,CHO,20180120,106,105
1985,MEM,NOP,20180120,104,111
1986,MIL,PHI,20180120,94,116
1987,GSW,HOU,20180120,108,116
1988,TOR,MIN,20180120,109,115
1989,LAC,UTA,20180120,113,125
1990,DAL,POR,20180120,108,117
1991,ORL,BOS,20180121,103,95
1992,NYK,LAL,20180121,107,127
1993,BRK,DET,20180121,101,100
1994,IND,SAS,20180121,94,86
1995,SAC,CHO,20180122,107,112
1996,UTA,ATL,20180122,90,104
1997,MIA,HOU,20180122,90,99
1998,PHI,MEM,20180122,101,105
1999,PHO,MIL,20180122,105,109
2000,CHI,NOP,20180122,128,132
2001,WAS,DAL,20180122,75,98
2002,POR,DEN,20180122,101,104
2003,MIN,LAC,20180122,126,118
2004,SAC,ORL,20180123,105,99
2005,BRK,OKC,20180123,108,109
2006,CLE,SAS,20180123,102,114
2007,NYK,GSW,20180123,112,123
2008,BOS,LAL,20180123,107,108
2009,NOP,CHO,20180124,101,96
2010,UTA,DET,20180124,98,95
2011,PHO,IND,20180124,101,116
2012,CHI,PHI,20180124,101,115
2013,TOR,ATL,20180124,108,93
2014,HOU,DAL,20180124,104,97
2015,SAS,MEM,20180124,108,85
2016,MIN,POR,20180124,114,123
2017,BOS,LAC,20180124,113,102
2018,SAC,MIA,20180125,89,88
2019,WAS,OKC,20180125,112,121
2020,NYK,DEN,20180125,118,130
2021,MIN,GSW,20180125,113,126
2022,ATL,CHO,20180126,110,121
2023,IND,CLE,20180126,108,115
2024,UTA,TOR,20180126,97,93
2025,LAL,CHI,20180126,108,103
2026,LAC,MEM,20180126,109,100
2027,BRK,MIL,20180126,91,116
2028,HOU,NOP,20180126,113,115
2029,POR,DAL,20180126,107,93
2030,PHI,SAS,20180126,97,78
2031,NYK,PHO,20180126,107,85
2032,OKC,DET,20180127,121,108
2033,ORL,IND,20180127,112,114
2034,WAS,ATL,20180127,129,104
2035,CHO,MIA,20180127,91,95
2036,BOS,GSW,20180127,105,109
2037,DAL,DEN,20180127,89,91
2038,BRK,MIN,20180127,97,111
2039,MIL,CHI,20180128,110,96
2040,PHO,HOU,20180128,102,113
2041,LAC,NOP,20180128,112,103
2042,DET,CLE,20180128,104,121
2043,PHI,OKC,20180128,112,122
2044,LAL,TOR,20180128,111,123
2045,SAC,SAS,20180128,98,113
2046,CHO,IND,20180129,96,105
2047,MIN,ATL,20180129,100,105
2048,PHO,MEM,20180129,109,120
2049,PHI,MIL,20180129,95,107
2050,MIA,DAL,20180129,95,88
2051,BOS,DEN,20180129,111,110
2052,OKC,WAS,20180130,96,102
2053,BRK,NYK,20180130,95,111
2054,MIN,TOR,20180130,104,109
2055,CLE,DET,20180130,114,125
2056,ORL,HOU,20180130,107,114
2057,SAC,NOP,20180130,114,103
2058,DEN,SAS,20180130,104,106
2059,GSW,UTA,20180130,99,129
2060,POR,LAC,20180130,104,96
2061,MEM,IND,20180131,101,105
2062,LAL,ORL,20180131,105,127
2063,CHO,ATL,20180131,123,110
2064,PHI,BRK,20180131,108,116
2065,MIA,CLE,20180131,89,91
2066,NYK,BOS,20180131,73,103
2067,CHI,POR,20180131,108,124
2068,DAL,PHO,20180131,88,102
2069,MEM,DET,20180201,102,104
2070,TOR,WAS,20180201,119,122
2071,MIL,MIN,20180201,89,108
2072,HOU,SAS,20180201,102,91
2073,OKC,DEN,20180201,124,127
2074,IND,CHO,20180202,126,133
2075,ATL,BOS,20180202,110,119
2076,LAL,BRK,20180202,102,99
2077,POR,TOR,20180202,105,130
2078,NYK,MIL,20180202,90,92
2079,MIA,PHI,20180202,97,103
2080,NOP,OKC,20180202,114,100
2081,UTA,PHO,20180202,129,97
2082,GSW,SAC,20180202,119,104
2083,CHI,LAC,20180203,103,113
2084,MIA,DET,20180203,107,111
2085,PHI,IND,20180203,92,100
2086,WAS,ORL,20180203,115,98
2087,HOU,CLE,20180203,120,88
2088,GSW,DEN,20180203,108,115
2089,NOP,MIN,20180203,107,118
2090,UTA,SAS,20180203,120,111
2091,DAL,SAC,20180203,106,99
2092,POR,BOS,20180204,96,97
2093,MIL,BRK,20180204,109,94
2094,ATL,NYK,20180204,99,96
2095,MEM,TOR,20180204,86,101
2096,LAL,OKC,20180204,108,104
2097,CHO,PHO,20180204,115,110
2098,POR,DET,20180205,91,111
2099,WAS,IND,20180205,111,102
2100,ORL,MIA,20180205,111,109
2101,UTA,NOP,20180205,133,109
2102,CHO,DEN,20180205,104,121
2103,CHI,SAC,20180205,98,104
2104,DAL,LAC,20180205,101,104
2105,CLE,ORL,20180206,98,116
2106,MEM,ATL,20180206,82,108
2107,HOU,BRK,20180206,123,113
2108,MIL,NYK,20180206,103,89
2109,BOS,TOR,20180206,91,111
2110,WAS,PHI,20180206,102,115
2111,OKC,GSW,20180206,125,105
2112,PHO,LAL,20180206,93,112
2113,BRK,DET,20180207,106,115
2114,HOU,MIA,20180207,109,101
2115,MIN,CLE,20180207,138,140
2116,UTA,MEM,20180207,92,88
2117,SAS,PHO,20180207,129,81
2118,ATL,ORL,20180208,98,100
2119,NYK,TOR,20180208,88,113
2120,BOS,WAS,20180208,110,104
2121,CHO,POR,20180208,103,109
2122,DAL,GSW,20180208,103,121
2123,OKC,LAL,20180208,81,106
2124,LAC,DET,20180209,108,95
2125,NOP,PHI,20180209,82,100
2126,CLE,ATL,20180209,123,107
2127,IND,BOS,20180209,97,91
2128,DEN,HOU,20180209,104,130
2129,MIL,MIA,20180209,85,91
2130,CHO,UTA,20180209,94,106
2131,MIN,CHI,20180209,113,114
2132,POR,SAC,20180209,118,100
2133,NOP,BRK,20180210,138,128
2134,MIL,ORL,20180210,111,104
2135,LAC,PHI,20180210,98,112
2136,WAS,CHI,20180210,101,90
2137,LAL,DAL,20180210,123,130
2138,SAS,GSW,20180210,105,122
2139,DEN,PHO,20180210,123,113
2140,TOR,CHO,20180211,123,103
2141,DET,ATL,20180211,115,118
2142,CLE,BOS,20180211,121,99
2143,NYK,IND,20180211,113,121
2144,DAL,HOU,20180211,97,104
2145,SAC,MIN,20180211,106,111
2146,MEM,OKC,20180211,92,110
2147,UTA,POR,20180211,115,96
2148,NOP,DET,20180212,118,103
2149,NYK,PHI,20180212,92,108
2150,LAC,BRK,20180212,114,101
2151,ORL,CHI,20180212,101,105
2152,SAS,UTA,20180212,99,101
2153,PHO,GSW,20180212,83,129
2154,MIA,TOR,20180213,112,115
2155,ATL,MIL,20180213,92,97
2156,HOU,MIN,20180213,126,108
2157,CLE,OKC,20180213,120,112
2158,SAC,DAL,20180213,114,109
2159,SAS,DEN,20180213,109,117
2160,ATL,DET,20180214,98,104
2161,CHO,ORL,20180214,104,102
2162,MIA,PHI,20180214,102,104
2163,IND,BRK,20180214,108,103
2164,WAS,NYK,20180214,118,113
2165,LAC,BOS,20180214,129,119
2166,TOR,CHI,20180214,122,98
2167,SAC,HOU,20180214,91,100
2168,OKC,MEM,20180214,121,114
2169,LAL,NOP,20180214,117,139
2170,PHO,UTA,20180214,97,107
2171,GSW,POR,20180214,117,123
2172,DEN,MIL,20180215,134,123
2173,LAL,MIN,20180215,111,119
2174,BRK,CHO,20180222,96,111
2175,NYK,ORL,20180222,120,113
2176,PHI,CHI,20180222,116,115
2177,WAS,CLE,20180222,110,103
2178,OKC,SAC,20180222,110,107
2179,LAC,GSW,20180222,127,134
2180,BOS,DET,20180223,110,98
2181,ATL,IND,20180223,93,116
2182,CHO,WAS,20180223,122,105
2183,MIL,TOR,20180223,122,119
2184,MIN,HOU,20180223,102,120
2185,CLE,MEM,20180223,112,89
2186,MIA,NOP,20180223,123,124
2187,SAS,DEN,20180223,119,122
2188,LAC,PHO,20180223,128,117
2189,POR,UTA,20180223,100,81
2190,DAL,LAL,20180223,102,124
2191,ORL,PHI,20180224,105,116
2192,MEM,MIA,20180224,89,115
2193,BOS,NYK,20180224,121,112
2194,OKC,GSW,20180224,80,112
2195,CHI,MIN,20180224,104,122
2196,POR,PHO,20180224,106,104
2197,DAL,UTA,20180224,90,97
2198,LAL,SAC,20180224,113,108
2199,DET,CHO,20180225,98,114
2200,NOP,MIL,20180225,123,121
2201,SAS,CLE,20180225,110,94
2202,HOU,DEN,20180225,119,114
2203,PHI,WAS,20180225,94,109
2204,LAL,ATL,20180226,123,104
2205,MEM,BOS,20180226,98,109
2206,CHI,BRK,20180226,87,104
2207,GSW,NYK,20180226,125,111
2208,DET,TOR,20180226,94,123
2209,PHO,NOP,20180226,116,125
2210,ORL,OKC,20180226,105,112
2211,IND,DAL,20180226,103,109
2212,HOU,UTA,20180226,96,85
2213,MIN,SAC,20180226,118,100
2214,CHI,CHO,20180227,103,118
2215,BRK,CLE,20180227,123,129
2216,PHI,MIA,20180227,101,102
2217,WAS,MIL,20180227,107,104
2218,SAC,POR,20180227,99,116
2219,LAC,DEN,20180227,122,120
2220,MIL,DET,20180228,87,110
2221,TOR,ORL,20180228,117,104
2222,IND,ATL,20180228,102,107
2223,CHO,BOS,20180228,106,134
2224,PHO,MEM,20180228,110,102
2225,GSW,WAS,20180228,109,101
2226,OKC,DAL,20180228,111,110
2227,NOP,SAS,20180228,121,116
2228,HOU,LAC,20180228,105,92
2229,LAL,MIA,20180301,131,113
2230,PHI,CLE,20180301,108,97
2231,BRK,SAC,20180301,111,116
2232,MIN,POR,20180301,99,108
2233,DET,ORL,20180302,106,115
2234,CHO,PHI,20180302,99,110
2235,GSW,ATL,20180302,114,109
2236,DAL,CHI,20180302,100,108
2237,DEN,MEM,20180302,108,102
2238,IND,MIL,20180302,103,96
2239,TOR,WAS,20180302,102,95
2240,OKC,PHO,20180302,124,116
2241,NYK,LAC,20180302,105,128
2242,MIN,UTA,20180302,108,116
2243,MEM,ORL,20180303,100,107
2244,DEN,CLE,20180303,126,117
2245,DET,MIA,20180303,96,105
2246,BOS,HOU,20180303,120,123
2247,LAL,SAS,20180303,116,112
2248,OKC,POR,20180303,100,108
2249,UTA,SAC,20180303,98,91
2250,PHO,ATL,20180304,112,113
2251,CHO,TOR,20180304,98,103
2252,IND,WAS,20180304,98,95
2253,NOP,DAL,20180304,126,109
2254,PHI,MIL,20180304,110,118
2255,BRK,LAC,20180304,120,123
2256,NYK,SAC,20180304,99,102
2257,DET,CLE,20180305,90,112
2258,MIL,IND,20180305,89,92
2259,PHO,MIA,20180305,103,125
2260,BOS,CHI,20180305,105,89
2261,MEM,SAS,20180305,98,100
2262,ORL,UTA,20180305,80,94
2263,POR,LAL,20180305,108,103
2264,PHI,CHO,20180306,128,114
2265,ATL,TOR,20180306,90,106
2266,MIA,WAS,20180306,113,117
2267,HOU,OKC,20180306,122,112
2268,DEN,DAL,20180306,107,118
2269,NYK,POR,20180306,87,111
2270,BRK,GSW,20180306,101,114
2271,NOP,LAC,20180306,121,116
2272,UTA,IND,20180307,104,84
2273,MEM,CHI,20180307,110,119
2274,TOR,DET,20180307,121,119
2275,HOU,MIL,20180307,110,99
2276,NOP,SAC,20180307,114,101
2277,CLE,DEN,20180307,113,108
2278,ORL,LAL,20180307,107,108
2279,BRK,CHO,20180308,125,111
2280,PHI,MIA,20180308,99,108
2281,BOS,MIN,20180308,117,109
2282,PHO,OKC,20180308,87,115
2283,SAS,GSW,20180308,107,110
2284,CHI,DET,20180309,83,99
2285,ATL,IND,20180309,87,112
2286,HOU,TOR,20180309,105,108
2287,UTA,MEM,20180309,95,78
2288,NYK,MIL,20180309,112,120
2289,WAS,NOP,20180309,116,97
2290,LAL,DEN,20180309,116,125
2291,GSW,POR,20180309,108,125
2292,ORL,SAC,20180309,88,94
2293,CLE,LAC,20180309,102,116
2294,PHO,CHO,20180310,115,122
2295,WAS,MIA,20180310,102,129
2296,MEM,DAL,20180310,80,114
2297,SAS,OKC,20180310,94,104
2298,ORL,LAC,20180310,105,113
2299,TOR,NYK,20180311,132,106
2300,CHI,ATL,20180311,129,122
2301,GSW,MIN,20180311,103,109
2302,UTA,NOP,20180311,116,99
2303,SAC,DEN,20180311,104,130
2304,HOU,DAL,20180311,105,82
2305,IND,BOS,20180311,99,97
2306,PHI,BRK,20180311,120,97
2307,CLE,LAL,20180311,113,127
2308,SAS,HOU,20180312,93,109
2309,MIL,MEM,20180312,121,103
2310,SAC,OKC,20180312,101,106
2311,MIA,POR,20180312,99,115
2312,IND,PHI,20180313,101,98
2313,MIN,WAS,20180313,116,111
2314,OKC,ATL,20180313,119,107
2315,TOR,BRK,20180313,116,102
2316,DAL,NYK,20180313,110,97
2317,LAC,CHI,20180313,112,106
2318,CHO,NOP,20180313,115,119
2319,ORL,SAS,20180313,72,108
2320,DET,UTA,20180313,79,110
2321,CLE,PHO,20180313,129,107
2322,DEN,LAL,20180313,103,112
2323,MIL,ORL,20180314,117,126
2324,WAS,BOS,20180314,125,124
2325,MIA,SAC,20180314,119,123
2326,LAL,GSW,20180314,106,117
2327,TOR,IND,20180315,106,99
2328,CHO,ATL,20180315,129,117
2329,PHI,NYK,20180315,118,110
2330,LAC,HOU,20180315,96,101
2331,CHI,MEM,20180315,111,110
2332,NOP,SAS,20180315,93,98
2333,DET,DEN,20180315,113,120
2334,PHO,UTA,20180315,88,116
2335,CLE,POR,20180315,105,113
2336,BOS,ORL,20180316,92,83
2337,BRK,PHI,20180316,116,120
2338,DAL,TOR,20180316,115,122
2339,LAC,OKC,20180316,113,121
2340,SAC,GSW,20180316,98,93
2341,MIA,LAL,20180316,92,91
2342,ATL,MIL,20180317,117,122
2343,HOU,NOP,20180317,107,101
2344,IND,WAS,20180317,102,109
2345,DAL,BRK,20180317,106,114
2346,CHO,NYK,20180317,101,124
2347,CLE,CHI,20180317,114,109
2348,DEN,MEM,20180317,94,101
2349,MIN,SAS,20180317,101,117
2350,SAC,UTA,20180317,97,103
2351,GSW,PHO,20180317,124,109
2352,DET,POR,20180317,87,100
2353,OKC,TOR,20180318,132,125
2354,BOS,NOP,20180318,89,108
2355,HOU,MIN,20180318,129,120
2356,POR,LAC,20180318,122,109
2357,MIL,CLE,20180319,117,124
2358,LAL,IND,20180319,100,110
2359,CHO,PHI,20180319,94,108
2360,MEM,BRK,20180319,115,118
2361,DEN,MIA,20180319,141,149
2362,CHI,NYK,20180319,92,110
2363,GSW,SAS,20180319,75,89
2364,DET,SAC,20180319,106,90
2365,TOR,ORL,20180320,93,86
2366,OKC,BOS,20180320,99,100
2367,LAC,MIN,20180320,109,123
2368,DAL,NOP,20180320,105,115
2369,ATL,UTA,20180320,99,94
2370,DET,PHO,20180320,115,88
2371,HOU,POR,20180320,115,111
2372,TOR,CLE,20180321,129,132
2373,MEM,PHI,20180321,105,119
2374,CHO,BRK,20180321,111,105
2375,NYK,MIA,20180321,98,119
2376,DEN,CHI,20180321,135,102
2377,LAC,MIL,20180321,127,120
2378,IND,NOP,20180321,92,96
2379,WAS,SAS,20180321,90,98
2380,MEM,CHO,20180322,79,140
2381,PHI,ORL,20180322,118,98
2382,DET,HOU,20180322,96,100
2383,LAL,NOP,20180322,125,128
2384,UTA,DAL,20180322,119,112
2385,ATL,SAC,20180322,90,105
2386,LAC,IND,20180323,104,109
2387,DEN,WAS,20180323,108,100
2388,PHO,CLE,20180323,95,120
2389,MIN,NYK,20180323,108,104
2390,BRK,TOR,20180323,112,116
2391,MIL,CHI,20180323,118,105
2392,MIA,OKC,20180323,99,105
2393,UTA,SAS,20180323,120,124
2394,BOS,POR,20180323,105,100
2395,ATL,GSW,20180323,94,106
2396,MIN,PHI,20180324,108,120
2397,CHI,DET,20180324,95,117
2398,PHO,ORL,20180324,99,105
2399,NOP,HOU,20180324,91,114
2400,LAL,MEM,20180324,100,93
2401,CHO,DAL,20180324,102,98
2402,CLE,BRK,20180325,121,114
2403,SAS,MIL,20180325,103,106
2404,MIA,IND,20180325,107,113
2405,BOS,SAC,20180325,104,93
2406,LAC,TOR,20180325,117,106
2407,NYK,WAS,20180325,101,97
2408,POR,OKC,20180325,108,105
2409,ATL,HOU,20180325,99,118
2410,UTA,GSW,20180325,110,91
2411,NYK,CHO,20180326,128,137
2412,LAL,DET,20180326,106,112
2413,DEN,PHI,20180326,104,123
2414,MEM,MIN,20180326,101,93
2415,BOS,PHO,20180326,102,94
2416,SAS,WAS,20180327,106,116
2417,DEN,TOR,20180327,110,114
2418,CHI,HOU,20180327,86,118
2419,CLE,MIA,20180327,79,98
2420,POR,NOP,20180327,107,103
2421,DAL,SAC,20180327,103,97
2422,IND,GSW,20180327,92,81
2423,MIL,LAC,20180327,98,105
2424,CLE,CHO,20180328,118,105
2425,BRK,ORL,20180328,111,104
2426,NYK,PHI,20180328,101,118
2427,POR,MEM,20180328,103,108
2428,ATL,MIN,20180328,114,126
2429,BOS,UTA,20180328,97,94
2430,LAC,PHO,20180328,111,99
2431,DAL,LAL,20180328,93,103
2432,WAS,DET,20180329,92,103
2433,CHI,MIA,20180329,92,103
2434,OKC,SAS,20180329,99,103
2435,IND,SAC,20180329,106,103
2436,MIL,GSW,20180329,116,107
2437,CHI,ORL,20180330,90,82
2438,PHI,ATL,20180330,101,91
2439,NOP,CLE,20180330,102,107
2440,PHO,HOU,20180330,103,104
2441,DEN,OKC,20180330,126,125
2442,MIN,DAL,20180330,93,92
2443,MEM,UTA,20180330,97,107
2444,MIL,LAL,20180330,124,122
2445,LAC,POR,20180330,96,105
2446,CHO,WAS,20180331,93,107
2447,DET,NYK,20180331,115,109
2448,TOR,BOS,20180331,99,110
2449,BRK,MIA,20180331,110,109
2450,GSW,SAC,20180331,112,96
2451,PHI,CHO,20180401,119,102
2452,WAS,CHI,20180401,94,113
2453,IND,LAC,20180401,111,104
2454,HOU,SAS,20180401,83,100
2455,ORL,ATL,20180401,88,94
2456,DET,BRK,20180401,108,96
2457,DAL,CLE,20180401,87,98
2458,OKC,NOP,20180401,109,104
2459,UTA,MIN,20180401,121,97
2460,MIL,DEN,20180401,125,128
2461,PHO,GSW,20180401,107,117
2462,MEM,POR,20180401,98,113
2463,SAC,LAL,20180401,84,83
2464,TOR,CLE,20180403,106,112
2465,BRK,PHI,20180403,95,121
2466,ATL,MIA,20180403,98,101
2467,ORL,NYK,20180403,97,73
2468,CHO,CHI,20180403,114,120
2469,WAS,HOU,20180403,104,120
2470,BOS,MIL,20180403,102,106
2471,GSW,OKC,20180403,111,107
2472,POR,DAL,20180403,109,115
2473,IND,DEN,20180403,104,107
2474,LAL,UTA,20180403,110,117
2475,SAC,PHO,20180403,94,97
2476,SAS,LAC,20180403,110,113
2477,PHI,DET,20180404,115,108
2478,DAL,ORL,20180404,100,105
2479,MIA,ATL,20180404,115,86
2480,MEM,NOP,20180404,95,123
2481,BOS,TOR,20180404,78,96
2482,SAS,LAL,20180404,112,122
2483,GSW,IND,20180405,106,126
2484,WAS,CLE,20180405,115,119
2485,POR,HOU,20180405,94,96
2486,BRK,MIL,20180405,119,111
2487,LAC,UTA,20180405,95,117
2488,MIN,DEN,20180405,96,100
2489,DAL,DET,20180406,106,113
2490,CHO,ORL,20180406,137,100
2491,CLE,PHI,20180406,130,132
2492,ATL,WAS,20180406,103,97
2493,CHI,BOS,20180406,104,111
2494,MIA,NYK,20180406,98,122
2495,IND,TOR,20180406,73,92
2496,SAC,MEM,20180406,94,93
2497,NOP,PHO,20180406,122,103
2498,MIN,LAL,20180406,113,96
2499,DEN,LAC,20180407,134,115
2500,MIL,NYK,20180407,115,102
2501,BRK,CHI,20180407,124,96
2502,NOP,GSW,20180407,126,120
2503,OKC,HOU,20180407,108,102
2504,POR,SAS,20180407,105,116
2505,ATL,BOS,20180408,112,106
2506,IND,CHO,20180408,123,117
2507,DAL,PHI,20180408,97,109
2508,DET,MEM,20180408,117,130
2509,UTA,LAL,20180408,112,97
2510,ORL,TOR,20180408,101,112
2511,GSW,PHO,20180408,117,100
2512,TOR,DET,20180409,108,98
2513,CHI,BRK,20180409,105,114
2514,OKC,MIA,20180409,115,93
2515,CLE,NYK,20180409,123,109
2516,ORL,MIL,20180409,86,102
2517,MEM,MIN,20180409,94,113
2518,SAC,SAS,20180409,85,98
2519,POR,DEN,20180409,82,88
2520,NOP,LAC,20180409,113,100
2521,CHO,IND,20180410,119,93
2522,PHI,ATL,20180410,121,113
2523,BOS,WAS,20180410,101,113
2524,PHO,DAL,20180410,124,97
2525,GSW,UTA,20180410,79,119
2526,HOU,LAL,20180410,105,99
2527,BRK,BOS,20180411,97,110
2528,DET,CHI,20180411,119,87
2529,NYK,CLE,20180411,110,98
2530,TOR,MIA,20180411,109,116
2531,DEN,MIN,20180411,106,112
2532,SAS,NOP,20180411,98,122
2533,MEM,OKC,20180411,123,137
2534,WAS,ORL,20180411,92,101
2535,MIL,PHI,20180411,95,130
2536,LAL,LAC,20180411,115,100
2537,UTA,POR,20180411,93,102
2538,HOU,SAC,20180411,83,96
2539,SAS,GSW,20180414,92,113
2540,WAS,TOR,20180414,106,114
2541,MIA,PHI,20180414,103,130
2542,NOP,POR,20180414,97,95
2543,MIL,BOS,20180415,107,113
2544,IND,CLE,20180415,98,80
2545,UTA,OKC,20180415,108,116
2546,MIN,HOU,20180415,101,104
2547,MIA,PHI,20180416,113,103
2548,SAS,GSW,20180416,101,116
2549,WAS,TOR,20180417,119,130
2550,MIL,BOS,20180417,106,120
2551,NOP,POR,20180417,111,102
2552,IND,CLE,20180418,97,100
2553,UTA,OKC,20180418,102,95
2554,MIN,HOU,20180418,82,102
2555,PHI,MIA,20180419,128,108
2556,POR,NOP,20180419,102,119
2557,GSW,SAS,20180419,110,97
2558,CLE,IND,20180420,90,92
2559,TOR,WAS,20180420,103,122
2560,BOS,MIL,20180420,92,116
2561,PHI,MIA,20180421,106,102
2562,POR,NOP,20180421,123,131
2563,HOU,MIN,20180421,105,121
2564,OKC,UTA,20180421,102,115
2565,BOS,MIL,20180422,102,104
2566,GSW,SAS,20180422,90,103
2567,TOR,WAS,20180422,98,106
2568,CLE,IND,20180422,104,100
2569,HOU,MIN,20180423,119,100
2570,OKC,UTA,20180423,96,113
2571,MIL,BOS,20180424,87,92
2572,MIA,PHI,20180424,91,104
2573,SAS,GSW,20180424,91,99
2574,IND,CLE,20180425,95,98
2575,WAS,TOR,20180425,98,108
2576,MIN,HOU,20180425,104,122
2577,UTA,OKC,20180425,99,107
2578,BOS,MIL,20180426,86,97
2579,TOR,WAS,20180427,102,92
2580,CLE,IND,20180427,87,121
2581,OKC,UTA,20180427,91,96
2582,MIL,BOS,20180428,96,112
2583,NOP,GSW,20180428,101,123
2584,IND,CLE,20180429,101,105
2585,UTA,HOU,20180429,96,110
2586,PHI,BOS,20180430,101,117
2587,CLE,TOR,20180501,113,112
2588,NOP,GSW,20180501,116,121
2589,UTA,HOU,20180502,116,108
2590,CLE,TOR,20180503,128,110
2591,PHI,BOS,20180503,103,108
2592,GSW,NOP,20180504,100,119
2593,HOU,UTA,20180504,113,92
2594,BOS,PHI,20180505,101,98
2595,TOR,CLE,20180505,103,105
2596,GSW,NOP,20180506,118,92
2597,HOU,UTA,20180506,100,87
2598,BOS,PHI,20180507,92,103
2599,TOR,CLE,20180507,93,128
2600,UTA,HOU,20180508,102,112
2601,NOP,GSW,20180508,104,113
2602,PHI,BOS,20180509,112,114
2603,CLE,BOS,20180513,83,108
2604,GSW,HOU,20180514,119,106
2605,CLE,BOS,20180515,94,107
2606,GSW,HOU,20180516,105,127
2607,BOS,CLE,20180519,86,116
2608,HOU,GSW,20180520,85,126
2609,BOS,CLE,20180521,102,111
2610,HOU,GSW,20180522,95,92
2611,CLE,BOS,20180523,83,96
2612,GSW,HOU,20180524,94,98
2613,BOS,CLE,20180525,99,109
2614,HOU,GSW,20180526,86,115
2615,CLE,BOS,20180527,87,79
2616,GSW,HOU,20180528,101,92
2617,CLE,GSW,20180531,114,124
2618,CLE,GSW,20180603,103,122
2619,GSW,CLE,20180606,110,102
2620,GSW,CLE,20180608,108,85
